
> admin_web@0.1.0 dev
> next dev

[1m[38;2;173;127;168m▲ Next.js 16.2.11[39m[22m (Turbopack)
- Local:         http://localhost:3000
- Network:       http://169.254.0.21:3000
- Environments: .env
[32m[1m✓[22m[39m Ready in 607ms
[33m[1m⚠[22m[39m Warning: Next.js inferred your workspace root, but it may not be correct.
 We detected multiple lockfiles and selected the directory of /home/user/package-lock.json as the root directory.
 To silence this warning, set `turbopack.root` in your Next.js config, or consider removing one of the lockfiles if it's not needed.
   See https://nextjs.org/docs/app/api-reference/config/next-config-js/turbopack#root-directory for more information.
 Detected additional lockfiles: 
   * /home/user/admin_web/package-lock.json


 POST /api/public/wallet [33m405[39m in 915ms[2m (next.js: 887ms, application-code: 28ms)[22m
 POST /api/public/wallet/earn [32m200[39m in 897ms[2m (next.js: 452ms, application-code: 445ms)[22m
 POST /api/public/wallet/earn [32m200[39m in 20ms[2m (next.js: 5ms, application-code: 15ms)[22m
 OPTIONS /api/public/wishes/my [32m200[39m in 445ms[2m (next.js: 437ms, application-code: 7ms)[22m
 OPTIONS /api/public/auth/me [32m200[39m in 563ms[2m (next.js: 554ms, application-code: 9ms)[22m
 GET /api/public/wishes/my [32m200[39m in 63ms[2m (next.js: 12ms, application-code: 51ms)[22m
 GET /api/public/auth/me [32m200[39m in 74ms[2m (next.js: 15ms, application-code: 58ms)[22m
 GET /api/public/wallet?userId=15 [32m200[39m in 87ms[2m (next.js: 74ms, application-code: 13ms)[22m
 GET /api/public/wallet?userId=15 [32m200[39m in 21ms[2m (next.js: 5ms, application-code: 16ms)[22m
 GET /api/public/wallet?userId=15 [32m200[39m in 36ms[2m (next.js: 22ms, application-code: 13ms)[22m
 GET /api/public/page-configs/home [32m200[39m in 464ms[2m (next.js: 431ms, application-code: 33ms)[22m
 GET /api/public/attendance/status?userId=15 [32m200[39m in 443ms[2m (next.js: 433ms, application-code: 10ms)[22m
 GET /api/public/healing-quotes [32m200[39m in 577ms[2m (next.js: 568ms, application-code: 9ms)[22m
 GET /api/public/intro-config [32m200[39m in 652ms[2m (next.js: 645ms, application-code: 7ms)[22m
 GET /api/public/attendance/status?userId=15 [32m200[39m in 663ms[2m (next.js: 658ms, application-code: 5ms)[22m
 GET /api/public/notifications?userId=15&limit=50 [32m200[39m in 761ms[2m (next.js: 754ms, application-code: 7ms)[22m
 GET /api/public/pass/policies [32m200[39m in 819ms[2m (next.js: 802ms, application-code: 17ms)[22m
 GET /api/public/wallet?userId=15 [32m200[39m in 11ms[2m (next.js: 4ms, application-code: 7ms)[22m
 GET /api/public/wallet?userId=15 [32m200[39m in 20ms[2m (next.js: 13ms, application-code: 7ms)[22m
 GET /api/public/grades [32m200[39m in 275ms[2m (next.js: 268ms, application-code: 7ms)[22m
 GET /api/public/pass/policies [32m200[39m in 27ms[2m (next.js: 9ms, application-code: 19ms)[22m
 GET /api/public/wallet?userId=15 [32m200[39m in 47ms[2m (next.js: 30ms, application-code: 16ms)[22m
 GET /api/public/pass/status?userId=15 [32m200[39m in 381ms[2m (next.js: 372ms, application-code: 8ms)[22m
 GET /api/public/pass/status?userId=15 [32m200[39m in 18ms[2m (next.js: 5ms, application-code: 13ms)[22m
 PATCH /api/public/wishes/w_18/opened [32m200[39m in 1658ms[2m (next.js: 1574ms, application-code: 83ms)[22m
 PATCH /api/public/wishes/w_18/opened [32m200[39m in 80ms[2m (next.js: 58ms, application-code: 22ms)[22m
 GET /api/public/notifications?userId=15&limit=50 [32m200[39m in 32ms[2m (next.js: 15ms, application-code: 17ms)[22m
 GET /api/public/pass/policies [32m200[39m in 55ms[2m (next.js: 37ms, application-code: 17ms)[22m
 GET /api/public/attendance/status?userId=15 [32m200[39m in 45ms[2m (next.js: 32ms, application-code: 13ms)[22m
 OPTIONS /api/public/wishes/my [32m200[39m in 35ms[2m (next.js: 25ms, application-code: 9ms)[22m
 GET /api/public/healing-quotes [32m200[39m in 29ms[2m (next.js: 21ms, application-code: 8ms)[22m
 GET /api/public/intro-config [32m200[39m in 26ms[2m (next.js: 19ms, application-code: 6ms)[22m
 GET /api/public/page-configs/home [32m200[39m in 32ms[2m (next.js: 17ms, application-code: 14ms)[22m
 OPTIONS /api/public/auth/me [32m200[39m in 26ms[2m (next.js: 21ms, application-code: 5ms)[22m
 GET /api/public/wallet?userId=15 [32m200[39m in 19ms[2m (next.js: 11ms, application-code: 8ms)[22m
 GET /api/public/pass/policies [32m200[39m in 22ms[2m (next.js: 6ms, application-code: 16ms)[22m
 GET /api/public/pass/status?userId=15 [32m200[39m in 23ms[2m (next.js: 7ms, application-code: 16ms)[22m
 GET /api/public/attendance/status?userId=15 [32m200[39m in 33ms[2m (next.js: 24ms, application-code: 9ms)[22m
 GET /api/public/wallet?userId=15 [32m200[39m in 23ms[2m (next.js: 6ms, application-code: 17ms)[22m
 GET /api/public/pass/status?userId=15 [32m200[39m in 38ms[2m (next.js: 27ms, application-code: 11ms)[22m
 GET /api/public/wishes/my [32m200[39m in 52ms[2m (next.js: 8ms, application-code: 43ms)[22m
 GET /api/public/auth/me [32m200[39m in 57ms[2m (next.js: 18ms, application-code: 39ms)[22m
 GET /api/public/wallet?userId=15 [32m200[39m in 24ms[2m (next.js: 5ms, application-code: 19ms)[22m
 GET /api/public/grades [32m200[39m in 16ms[2m (next.js: 5ms, application-code: 11ms)[22m
 GET /api/public/wallet?userId=15 [32m200[39m in 22ms[2m (next.js: 6ms, application-code: 16ms)[22m
 GET /api/public/wallet?userId=15 [32m200[39m in 20ms[2m (next.js: 5ms, application-code: 15ms)[22m
 GET /api/public/wallet?userId=15 [32m200[39m in 26ms[2m (next.js: 5ms, application-code: 21ms)[22m
 GET /api/public/attendance/status?userId=15 [32m200[39m in 20ms[2m (next.js: 9ms, application-code: 12ms)[22m
 GET /api/public/page-configs/home [32m200[39m in 41ms[2m (next.js: 24ms, application-code: 17ms)[22m
 GET /api/public/healing-quotes [32m200[39m in 39ms[2m (next.js: 31ms, application-code: 8ms)[22m
 OPTIONS /api/public/auth/me [32m200[39m in 23ms[2m (next.js: 18ms, application-code: 5ms)[22m
 GET /api/public/notifications?userId=15&limit=50 [32m200[39m in 33ms[2m (next.js: 23ms, application-code: 9ms)[22m
 OPTIONS /api/public/wishes/my [32m200[39m in 36ms[2m (next.js: 25ms, application-code: 11ms)[22m
 GET /api/public/pass/policies [32m200[39m in 42ms[2m (next.js: 24ms, application-code: 17ms)[22m
 GET /api/public/wallet?userId=15 [32m200[39m in 42ms[2m (next.js: 28ms, application-code: 14ms)[22m
 GET /api/public/intro-config [32m200[39m in 28ms[2m (next.js: 21ms, application-code: 7ms)[22m
 GET /api/public/attendance/status?userId=15 [32m200[39m in 17ms[2m (next.js: 6ms, application-code: 11ms)[22m
 GET /api/public/pass/policies [32m200[39m in 28ms[2m (next.js: 11ms, application-code: 17ms)[22m
 GET /api/public/wallet?userId=15 [32m200[39m in 58ms[2m (next.js: 42ms, application-code: 17ms)[22m
 GET /api/public/wishes/my [32m200[39m in 78ms[2m (next.js: 30ms, application-code: 47ms)[22m
 GET /api/public/auth/me [32m200[39m in 83ms[2m (next.js: 60ms, application-code: 22ms)[22m
 GET /api/public/pass/status?userId=15 [32m200[39m in 30ms[2m (next.js: 19ms, application-code: 11ms)[22m
 GET /api/public/wallet?userId=15 [32m200[39m in 22ms[2m (next.js: 5ms, application-code: 17ms)[22m
 GET /api/public/grades [32m200[39m in 18ms[2m (next.js: 8ms, application-code: 10ms)[22m
 GET /api/public/pass/status?userId=15 [32m200[39m in 32ms[2m (next.js: 21ms, application-code: 11ms)[22m
 GET /api/public/wallet?userId=15 [32m200[39m in 22ms[2m (next.js: 7ms, application-code: 14ms)[22m
 GET /api/public/wallet?userId=15 [32m200[39m in 23ms[2m (next.js: 7ms, application-code: 16ms)[22m
 GET /api/public/wallet?userId=15 [32m200[39m in 18ms[2m (next.js: 5ms, application-code: 13ms)[22m
 OPTIONS /api/public/wishes/my [32m200[39m in 16ms[2m (next.js: 8ms, application-code: 8ms)[22m
 OPTIONS /api/public/auth/me [32m200[39m in 31ms[2m (next.js: 24ms, application-code: 7ms)[22m
 GET /api/public/wallet?userId=15 [32m200[39m in 38ms[2m (next.js: 24ms, application-code: 14ms)[22m
 GET /api/public/healing-quotes [32m200[39m in 38ms[2m (next.js: 29ms, application-code: 8ms)[22m
 GET /api/public/intro-config [32m200[39m in 34ms[2m (next.js: 26ms, application-code: 9ms)[22m
 GET /api/public/attendance/status?userId=15 [32m200[39m in 27ms[2m (next.js: 21ms, application-code: 6ms)[22m
 GET /api/public/pass/policies [32m200[39m in 27ms[2m (next.js: 16ms, application-code: 11ms)[22m
 GET /api/public/page-configs/home [32m200[39m in 28ms[2m (next.js: 16ms, application-code: 12ms)[22m
 GET /api/public/notifications?userId=15&limit=50 [32m200[39m in 15ms[2m (next.js: 6ms, application-code: 9ms)[22m
 GET /api/public/wishes/my [32m200[39m in 21ms[2m (next.js: 5ms, application-code: 16ms)[22m
 GET /api/public/auth/me [32m200[39m in 23ms[2m (next.js: 6ms, application-code: 16ms)[22m
 GET /api/public/wallet?userId=15 [32m200[39m in 20ms[2m (next.js: 4ms, application-code: 16ms)[22m
 GET /api/public/pass/policies [32m200[39m in 29ms[2m (next.js: 11ms, application-code: 18ms)[22m
 GET /api/public/pass/status?userId=15 [32m200[39m in 20ms[2m (next.js: 7ms, application-code: 13ms)[22m
 GET /api/public/grades [32m200[39m in 31ms[2m (next.js: 22ms, application-code: 9ms)[22m
 GET /api/public/attendance/status?userId=15 [32m200[39m in 45ms[2m (next.js: 33ms, application-code: 12ms)[22m
 GET /api/public/wallet?userId=15 [32m200[39m in 20ms[2m (next.js: 6ms, application-code: 14ms)[22m
 GET /api/public/pass/status?userId=15 [32m200[39m in 16ms[2m (next.js: 5ms, application-code: 11ms)[22m
 GET /api/public/wallet?userId=15 [32m200[39m in 17ms[2m (next.js: 4ms, application-code: 13ms)[22m
 GET /api/public/pass/policies [32m200[39m in 33ms[2m (next.js: 16ms, application-code: 17ms)[22m
 GET /api/public/page-configs/home [32m200[39m in 51ms[2m (next.js: 35ms, application-code: 16ms)[22m
 GET /api/public/healing-quotes [32m200[39m in 62ms[2m (next.js: 53ms, application-code: 9ms)[22m
 GET /api/public/wallet?userId=15 [32m200[39m in 74ms[2m (next.js: 63ms, application-code: 11ms)[22m
 GET /api/public/notifications?userId=15&limit=50 [32m200[39m in 81ms[2m (next.js: 75ms, application-code: 6ms)[22m
 GET /api/public/intro-config [32m200[39m in 96ms[2m (next.js: 87ms, application-code: 8ms)[22m
 GET /api/public/auth/me [32m200[39m in 108ms[2m (next.js: 82ms, application-code: 25ms)[22m
 GET /api/public/wishes/my [32m200[39m in 109ms[2m (next.js: 96ms, application-code: 13ms)[22m
 GET /api/public/attendance/status?userId=15 [32m200[39m in 17ms[2m (next.js: 11ms, application-code: 5ms)[22m
 GET /api/public/pass/policies [32m200[39m in 17ms[2m (next.js: 4ms, application-code: 13ms)[22m
 GET /api/public/pass/status?userId=15 [32m200[39m in 16ms[2m (next.js: 4ms, application-code: 12ms)[22m
 GET /api/public/wallet?userId=15 [32m200[39m in 19ms[2m (next.js: 5ms, application-code: 14ms)[22m
 GET /api/public/attendance/status?userId=15 [32m200[39m in 17ms[2m (next.js: 7ms, application-code: 10ms)[22m
 GET /api/public/grades [32m200[39m in 27ms[2m (next.js: 18ms, application-code: 9ms)[22m
 GET /api/public/pass/status?userId=15 [32m200[39m in 42ms[2m (next.js: 29ms, application-code: 13ms)[22m
 GET /api/public/wallet?userId=15 [32m200[39m in 18ms[2m (next.js: 5ms, application-code: 14ms)[22m
 GET /api/public/wallet?userId=15 [32m200[39m in 20ms[2m (next.js: 6ms, application-code: 14ms)[22m
 GET /api/public/wallet?userId=15 [32m200[39m in 19ms[2m (next.js: 5ms, application-code: 14ms)[22m
 GET /api/public/wallet?userId=15 [32m200[39m in 24ms[2m (next.js: 7ms, application-code: 17ms)[22m
 GET /api/public/pass/policies [32m200[39m in 31ms[2m (next.js: 7ms, application-code: 24ms)[22m
 GET /api/public/notifications?userId=15&limit=50 [32m200[39m in 22ms[2m (next.js: 9ms, application-code: 13ms)[22m
 GET /api/public/attendance/status?userId=15 [32m200[39m in 39ms[2m (next.js: 27ms, application-code: 12ms)[22m
 GET /api/public/healing-quotes [32m200[39m in 32ms[2m (next.js: 22ms, application-code: 10ms)[22m
 OPTIONS /api/public/wishes/my [32m200[39m in 22ms[2m (next.js: 18ms, application-code: 5ms)[22m
 GET /api/public/page-configs/home [32m200[39m in 27ms[2m (next.js: 14ms, application-code: 13ms)[22m
 GET /api/public/wallet?userId=15 [32m200[39m in 30ms[2m (next.js: 19ms, application-code: 11ms)[22m
 GET /api/public/attendance/status?userId=15 [32m200[39m in 22ms[2m (next.js: 7ms, application-code: 14ms)[22m
 GET /api/public/pass/policies [32m200[39m in 38ms[2m (next.js: 24ms, application-code: 14ms)[22m
 GET /api/public/wallet?userId=15 [32m200[39m in 24ms[2m (next.js: 6ms, application-code: 18ms)[22m
 GET /api/public/wishes/my [32m200[39m in 22ms[2m (next.js: 5ms, application-code: 18ms)[22m
 GET /api/public/wallet?userId=15 [32m200[39m in 23ms[2m (next.js: 5ms, application-code: 18ms)[22m
 GET /api/public/pass/status?userId=15 [32m200[39m in 20ms[2m (next.js: 5ms, application-code: 16ms)[22m
 GET /api/public/wallet?userId=15 [32m200[39m in 19ms[2m (next.js: 4ms, application-code: 14ms)[22m
 GET /api/public/pass/status?userId=15 [32m200[39m in 24ms[2m (next.js: 7ms, application-code: 17ms)[22m
 GET /api/public/wallet?userId=15 [32m200[39m in 19ms[2m (next.js: 5ms, application-code: 15ms)[22m
 GET /api/public/wallet?userId=15 [32m200[39m in 24ms[2m (next.js: 5ms, application-code: 19ms)[22m
 GET /api/public/notifications?userId=15&limit=50 [32m200[39m in 22ms[2m (next.js: 12ms, application-code: 10ms)[22m
 GET /api/public/healing-quotes [32m200[39m in 37ms[2m (next.js: 23ms, application-code: 13ms)[22m
 GET /api/public/pass/policies [32m200[39m in 38ms[2m (next.js: 26ms, application-code: 12ms)[22m
 GET /api/public/wallet?userId=15 [32m200[39m in 36ms[2m (next.js: 23ms, application-code: 13ms)[22m
 GET /api/public/page-configs/home [32m200[39m in 36ms[2m (next.js: 23ms, application-code: 13ms)[22m
 OPTIONS /api/public/auth/me [32m200[39m in 27ms[2m (next.js: 21ms, application-code: 6ms)[22m
 GET /api/public/intro-config [32m200[39m in 17ms[2m (next.js: 11ms, application-code: 6ms)[22m
 GET /api/public/attendance/status?userId=15 [32m200[39m in 18ms[2m (next.js: 12ms, application-code: 6ms)[22m
 OPTIONS /api/public/wishes/my [32m200[39m in 12ms[2m (next.js: 4ms, application-code: 8ms)[22m
 GET /api/public/pass/policies [32m200[39m in 22ms[2m (next.js: 4ms, application-code: 18ms)[22m
 GET /api/public/wallet?userId=15 [32m200[39m in 22ms[2m (next.js: 5ms, application-code: 17ms)[22m
 GET /api/public/pass/status?userId=15 [32m200[39m in 18ms[2m (next.js: 4ms, application-code: 14ms)[22m
 GET /api/public/attendance/status?userId=15 [32m200[39m in 18ms[2m (next.js: 5ms, application-code: 13ms)[22m
 GET /api/public/wishes/my [32m200[39m in 27ms[2m (next.js: 5ms, application-code: 22ms)[22m
 GET /api/public/auth/me [32m200[39m in 32ms[2m (next.js: 15ms, application-code: 18ms)[22m
 GET /api/public/wallet?userId=15 [32m200[39m in 23ms[2m (next.js: 5ms, application-code: 18ms)[22m
 GET /api/public/pass/status?userId=15 [32m200[39m in 16ms[2m (next.js: 4ms, application-code: 12ms)[22m
 GET /api/public/pass/policies [32m200[39m in 22ms[2m (next.js: 5ms, application-code: 17ms)[22m
 GET /api/public/healing-quotes [32m200[39m in 27ms[2m (next.js: 13ms, application-code: 15ms)[22m
 GET /api/public/intro-config [32m200[39m in 37ms[2m (next.js: 29ms, application-code: 8ms)[22m
 GET /api/public/page-configs/home [32m200[39m in 51ms[2m (next.js: 38ms, application-code: 13ms)[22m
 GET /api/public/notifications?userId=15&limit=50 [32m200[39m in 69ms[2m (next.js: 57ms, application-code: 11ms)[22m
 GET /api/public/attendance/status?userId=15 [32m200[39m in 81ms[2m (next.js: 71ms, application-code: 10ms)[22m
 OPTIONS /api/public/wishes/my [32m200[39m in 90ms[2m (next.js: 83ms, application-code: 7ms)[22m
 OPTIONS /api/public/auth/me [32m200[39m in 99ms[2m (next.js: 92ms, application-code: 7ms)[22m
 GET /api/public/wallet?userId=15 [32m200[39m in 18ms[2m (next.js: 4ms, application-code: 13ms)[22m
 GET /api/public/grades [32m200[39m in 24ms[2m (next.js: 3ms, application-code: 21ms)[22m
 GET /api/public/pass/policies [32m200[39m in 11ms[2m (next.js: 3ms, application-code: 8ms)[22m
 GET /api/public/pass/status?userId=15 [32m200[39m in 8ms[2m (next.js: 2ms, application-code: 6ms)[22m
 GET /api/public/attendance/status?userId=15 [32m200[39m in 21ms[2m (next.js: 8ms, application-code: 13ms)[22m
 GET /api/public/wishes/my [32m200[39m in 26ms[2m (next.js: 6ms, application-code: 20ms)[22m
 GET /api/public/auth/me [32m200[39m in 32ms[2m (next.js: 13ms, application-code: 18ms)[22m
 GET /api/public/wallet?userId=15 [32m200[39m in 13ms[2m (next.js: 5ms, application-code: 8ms)[22m
 GET /api/public/wallet?userId=15 [32m200[39m in 18ms[2m (next.js: 4ms, application-code: 14ms)[22m
 GET /api/public/page-configs/home [32m200[39m in 38ms[2m (next.js: 12ms, application-code: 25ms)[22m
 GET /api/public/pass/policies [32m200[39m in 54ms[2m (next.js: 40ms, application-code: 14ms)[22m
 GET /api/public/healing-quotes [32m200[39m in 65ms[2m (next.js: 56ms, application-code: 9ms)[22m
 GET /api/public/notifications?userId=15&limit=50 [32m200[39m in 74ms[2m (next.js: 66ms, application-code: 8ms)[22m
 GET /api/public/attendance/status?userId=15 [32m200[39m in 86ms[2m (next.js: 80ms, application-code: 6ms)[22m
 GET /api/public/wishes/my [32m200[39m in 97ms[2m (next.js: 75ms, application-code: 23ms)[22m
 GET /api/public/grades [32m200[39m in 9ms[2m (next.js: 3ms, application-code: 6ms)[22m
 GET /api/public/pass/status?userId=15 [32m200[39m in 17ms[2m (next.js: 10ms, application-code: 7ms)[22m
 GET /api/public/wallet?userId=15 [32m200[39m in 16ms[2m (next.js: 4ms, application-code: 12ms)[22m
 GET /api/public/pass/policies [32m200[39m in 18ms[2m (next.js: 4ms, application-code: 14ms)[22m
 GET /api/public/attendance/status?userId=15 [32m200[39m in 16ms[2m (next.js: 4ms, application-code: 11ms)[22m
 GET /api/public/wallet?userId=15 [32m200[39m in 20ms[2m (next.js: 4ms, application-code: 16ms)[22m
 GET /api/public/pass/status?userId=15 [32m200[39m in 17ms[2m (next.js: 5ms, application-code: 12ms)[22m
 GET /api/public/wallet?userId=15 [32m200[39m in 20ms[2m (next.js: 4ms, application-code: 15ms)[22m
 GET /api/public/wallet?userId=15 [32m200[39m in 21ms[2m (next.js: 6ms, application-code: 15ms)[22m
 GET /api/public/wallet?userId=15 [32m200[39m in 20ms[2m (next.js: 4ms, application-code: 15ms)[22m
 GET /api/public/page-configs/home [32m200[39m in 33ms[2m (next.js: 12ms, application-code: 21ms)[22m
 GET /api/public/pass/policies [32m200[39m in 50ms[2m (next.js: 36ms, application-code: 14ms)[22m
 GET /api/public/healing-quotes [32m200[39m in 59ms[2m (next.js: 51ms, application-code: 8ms)[22m
 GET /api/public/pass/status?userId=15 [32m200[39m in 14ms[2m (next.js: 8ms, application-code: 7ms)[22m
 GET /api/public/notifications?userId=15&limit=50 [32m200[39m in 20ms[2m (next.js: 14ms, application-code: 5ms)[22m
 GET /api/public/attendance/status?userId=15 [32m200[39m in 27ms[2m (next.js: 21ms, application-code: 6ms)[22m
 GET /api/public/wishes/my [32m200[39m in 46ms[2m (next.js: 28ms, application-code: 18ms)[22m
 GET /api/public/wallet?userId=15 [32m200[39m in 11ms[2m (next.js: 3ms, application-code: 8ms)[22m
 GET /api/public/pass/policies [32m200[39m in 17ms[2m (next.js: 4ms, application-code: 13ms)[22m
 GET /api/public/attendance/status?userId=15 [32m200[39m in 14ms[2m (next.js: 4ms, application-code: 10ms)[22m
 GET /api/public/wallet?userId=15 [32m200[39m in 17ms[2m (next.js: 4ms, application-code: 13ms)[22m
 GET /api/public/wallet?userId=15 [32m200[39m in 23ms[2m (next.js: 5ms, application-code: 18ms)[22m
 GET /api/public/pass/status?userId=15 [32m200[39m in 16ms[2m (next.js: 5ms, application-code: 11ms)[22m
 GET /api/public/wallet?userId=15 [32m200[39m in 19ms[2m (next.js: 4ms, application-code: 15ms)[22m
 GET /api/public/pass/status?userId=15 [32m200[39m in 10ms[2m (next.js: 3ms, application-code: 6ms)[22m
 GET /api/public/wallet?userId=15 [32m200[39m in 10ms[2m (next.js: 3ms, application-code: 7ms)[22m
 GET /api/public/wallet?userId=15 [32m200[39m in 18ms[2m (next.js: 4ms, application-code: 14ms)[22m
 GET /api/public/wallet?userId=15 [32m200[39m in 11ms[2m (next.js: 3ms, application-code: 8ms)[22m
 GET /api/public/wallet?userId=15 [32m200[39m in 18ms[2m (next.js: 4ms, application-code: 14ms)[22m
 GET /api/public/wallet?userId=15 [32m200[39m in 21ms[2m (next.js: 5ms, application-code: 16ms)[22m
 GET /api/public/wallet?userId=15 [32m200[39m in 17ms[2m (next.js: 4ms, application-code: 13ms)[22m
 GET /api/public/wallet?userId=15 [32m200[39m in 18ms[2m (next.js: 4ms, application-code: 14ms)[22m
 GET /api/public/wallet?userId=15 [32m200[39m in 20ms[2m (next.js: 4ms, application-code: 16ms)[22m
 GET /api/public/wallet?userId=15 [32m200[39m in 13ms[2m (next.js: 4ms, application-code: 9ms)[22m
 OPTIONS /api/public/wishes/my [32m200[39m in 18ms[2m (next.js: 14ms, application-code: 4ms)[22m
 GET /api/public/wishes/my [32m200[39m in 11ms[2m (next.js: 3ms, application-code: 8ms)[22m
 OPTIONS /api/public/wishes/pending-openings [32m200[39m in 366ms[2m (next.js: 360ms, application-code: 6ms)[22m
 GET /api/public/wishes/pending-openings [32m200[39m in 25ms[2m (next.js: 4ms, application-code: 21ms)[22m
 OPTIONS /api/public/wishes/w_23 [32m200[39m in 1541ms[2m (next.js: 1529ms, application-code: 12ms)[22m
 OPTIONS /api/public/wishes/w_23/comments [32m200[39m in 1618ms[2m (next.js: 1611ms, application-code: 7ms)[22m
 GET /api/public/wishes/w_23 [32m200[39m in 67ms[2m (next.js: 45ms, application-code: 22ms)[22m
 GET /api/public/wishes/w_23/comments [32m200[39m in 81ms[2m (next.js: 40ms, application-code: 41ms)[22m
 OPTIONS /api/public/wishes/w_23/support [32m200[39m in 1591ms[2m (next.js: 1582ms, application-code: 9ms)[22m
 POST /api/public/wishes/w_23/support [32m200[39m in 98ms[2m (next.js: 58ms, application-code: 40ms)[22m
 OPTIONS /api/public/wishes/w_23/comments [32m200[39m in 66ms[2m (next.js: 56ms, application-code: 10ms)[22m
 GET /api/public/wishes/w_23/comments [32m200[39m in 24ms[2m (next.js: 5ms, application-code: 19ms)[22m
 GET /api/public/intro-config [32m200[39m in 28ms[2m (next.js: 11ms, application-code: 17ms)[22m
 GET /api/public/wallet?userId=15 [32m200[39m in 51ms[2m (next.js: 33ms, application-code: 18ms)[22m
 GET /api/public/notifications?userId=15&limit=50 [32m200[39m in 41ms[2m (next.js: 31ms, application-code: 11ms)[22m
 OPTIONS /api/public/wishes/my [32m200[39m in 25ms[2m (next.js: 20ms, application-code: 5ms)[22m
 GET /api/public/page-configs/home [32m200[39m in 31ms[2m (next.js: 16ms, application-code: 15ms)[22m
 GET /api/public/pass/policies [32m200[39m in 36ms[2m (next.js: 24ms, application-code: 12ms)[22m
 GET /api/public/healing-quotes [32m200[39m in 29ms[2m (next.js: 20ms, application-code: 9ms)[22m
 GET /api/public/attendance/status?userId=15 [32m200[39m in 21ms[2m (next.js: 15ms, application-code: 6ms)[22m
 OPTIONS /api/public/auth/me [32m200[39m in 15ms[2m (next.js: 11ms, application-code: 4ms)[22m
 GET /api/public/wallet?userId=15 [32m200[39m in 19ms[2m (next.js: 4ms, application-code: 15ms)[22m
 GET /api/public/wishes/my [32m200[39m in 38ms[2m (next.js: 10ms, application-code: 28ms)[22m
 GET /api/public/wallet?userId=15 [32m200[39m in 37ms[2m (next.js: 24ms, application-code: 13ms)[22m
 GET /api/public/attendance/status?userId=15 [32m200[39m in 47ms[2m (next.js: 39ms, application-code: 9ms)[22m
 GET /api/public/pass/policies [32m200[39m in 67ms[2m (next.js: 49ms, application-code: 18ms)[22m
 GET /api/public/pass/status?userId=15 [32m200[39m in 68ms[2m (next.js: 56ms, application-code: 12ms)[22m
 GET /api/public/auth/me [32m200[39m in 86ms[2m (next.js: 70ms, application-code: 16ms)[22m
 GET /api/public/wallet?userId=15 [32m200[39m in 20ms[2m (next.js: 4ms, application-code: 16ms)[22m
 GET /api/public/pass/status?userId=15 [32m200[39m in 18ms[2m (next.js: 5ms, application-code: 13ms)[22m
 GET /api/public/grades [32m200[39m in 14ms[2m (next.js: 4ms, application-code: 10ms)[22m
 GET /api/public/wallet?userId=15 [32m200[39m in 18ms[2m (next.js: 4ms, application-code: 14ms)[22m
 GET /api/public/wallet?userId=15 [32m200[39m in 20ms[2m (next.js: 5ms, application-code: 16ms)[22m
 GET /api/public/page-configs/home [32m200[39m in 25ms[2m (next.js: 9ms, application-code: 17ms)[22m
 GET /api/public/pass/policies [32m200[39m in 41ms[2m (next.js: 28ms, application-code: 13ms)[22m
 GET /api/public/healing-quotes [32m200[39m in 17ms[2m (next.js: 8ms, application-code: 8ms)[22m
 GET /api/public/notifications?userId=15&limit=50 [32m200[39m in 16ms[2m (next.js: 9ms, application-code: 7ms)[22m
 GET /api/public/attendance/status?userId=15 [32m200[39m in 28ms[2m (next.js: 22ms, application-code: 6ms)[22m
 GET /api/public/wishes/my [32m200[39m in 33ms[2m (next.js: 17ms, application-code: 16ms)[22m
 GET /api/public/wallet?userId=15 [32m200[39m in 10ms[2m (next.js: 2ms, application-code: 7ms)[22m
 GET /api/public/pass/policies [32m200[39m in 26ms[2m (next.js: 5ms, application-code: 21ms)[22m
 GET /api/public/attendance/status?userId=15 [32m200[39m in 16ms[2m (next.js: 5ms, application-code: 11ms)[22m
 GET /api/public/wallet?userId=15 [32m200[39m in 18ms[2m (next.js: 4ms, application-code: 14ms)[22m
 GET /api/public/pass/status?userId=15 [32m200[39m in 17ms[2m (next.js: 4ms, application-code: 13ms)[22m
 GET /api/public/wallet?userId=15 [32m200[39m in 19ms[2m (next.js: 4ms, application-code: 15ms)[22m
 GET /api/public/wallet?userId=15 [32m200[39m in 23ms[2m (next.js: 5ms, application-code: 17ms)[22m
 GET /api/public/pass/status?userId=15 [32m200[39m in 26ms[2m (next.js: 8ms, application-code: 18ms)[22m
 GET /api/public/wallet?userId=15 [32m200[39m in 47ms[2m (next.js: 30ms, application-code: 17ms)[22m
 GET /api/public/wallet?userId=15 [32m200[39m in 17ms[2m (next.js: 4ms, application-code: 13ms)[22m
 OPTIONS /api/public/wishes/my [32m200[39m in 7ms[2m (next.js: 3ms, application-code: 4ms)[22m
 GET /api/public/wishes/my [32m200[39m in 23ms[2m (next.js: 7ms, application-code: 17ms)[22m
 OPTIONS /api/public/wishes/pending-openings [32m200[39m in 13ms[2m (next.js: 5ms, application-code: 8ms)[22m
 GET /api/public/wishes/pending-openings [32m200[39m in 18ms[2m (next.js: 5ms, application-code: 13ms)[22m
 GET /api/public/shop/talismans [32m200[39m in 365ms[2m (next.js: 356ms, application-code: 9ms)[22m
 OPTIONS /api/public/inventory [32m200[39m in 492ms[2m (next.js: 486ms, application-code: 6ms)[22m
 GET /api/public/shop/candles [32m200[39m in 589ms[2m (next.js: 582ms, application-code: 7ms)[22m
 GET /api/public/shop/seals [32m200[39m in 728ms[2m (next.js: 708ms, application-code: 20ms)[22m
 GET /api/public/inventory [32m200[39m in 15ms[2m (next.js: 3ms, application-code: 12ms)[22m
 GET /api/public/shop/seals [32m200[39m in 28ms[2m (next.js: 10ms, application-code: 18ms)[22m
 OPTIONS /api/public/inventory [32m200[39m in 40ms[2m (next.js: 33ms, application-code: 7ms)[22m
 GET /api/public/shop/talismans [32m200[39m in 31ms[2m (next.js: 21ms, application-code: 10ms)[22m
 GET /api/public/shop/candles [32m200[39m in 29ms[2m (next.js: 17ms, application-code: 11ms)[22m
 GET /api/public/inventory [32m200[39m in 23ms[2m (next.js: 5ms, application-code: 18ms)[22m
 GET /api/public/shop/seals [32m200[39m in 14ms[2m (next.js: 4ms, application-code: 10ms)[22m
 GET /api/public/shop/candles [32m200[39m in 18ms[2m (next.js: 7ms, application-code: 11ms)[22m
 GET /api/public/shop/talismans [32m200[39m in 36ms[2m (next.js: 26ms, application-code: 10ms)[22m
 GET /api/public/inventory [32m200[39m in 50ms[2m (next.js: 38ms, application-code: 12ms)[22m
 GET /api/public/shop/talismans [32m200[39m in 24ms[2m (next.js: 13ms, application-code: 11ms)[22m
 GET /api/public/shop/seals [32m200[39m in 37ms[2m (next.js: 26ms, application-code: 11ms)[22m
 GET /api/public/shop/candles [32m200[39m in 48ms[2m (next.js: 39ms, application-code: 9ms)[22m
 GET /api/public/inventory [32m200[39m in 60ms[2m (next.js: 49ms, application-code: 11ms)[22m
 OPTIONS /api/public/inventory [32m200[39m in 12ms[2m (next.js: 4ms, application-code: 8ms)[22m
 GET /api/public/inventory [32m200[39m in 21ms[2m (next.js: 4ms, application-code: 17ms)[22m
 GET /api/public/wallet?userId=15 [32m200[39m in 25ms[2m (next.js: 10ms, application-code: 15ms)[22m
 OPTIONS /api/public/auth/me [32m200[39m in 40ms[2m (next.js: 33ms, application-code: 7ms)[22m
 GET /api/public/notifications?userId=15&limit=50 [32m200[39m in 62ms[2m (next.js: 45ms, application-code: 17ms)[22m
 GET /api/public/healing-quotes [32m200[39m in 43ms[2m (next.js: 32ms, application-code: 11ms)[22m
 OPTIONS /api/public/wishes/my [32m200[39m in 32ms[2m (next.js: 26ms, application-code: 6ms)[22m
 GET /api/public/intro-config [32m200[39m in 25ms[2m (next.js: 17ms, application-code: 8ms)[22m
 GET /api/public/pass/policies [32m200[39m in 29ms[2m (next.js: 18ms, application-code: 11ms)[22m
 GET /api/public/attendance/status?userId=15 [32m200[39m in 26ms[2m (next.js: 17ms, application-code: 9ms)[22m
 GET /api/public/page-configs/home [32m200[39m in 28ms[2m (next.js: 13ms, application-code: 14ms)[22m
 GET /api/public/wallet?userId=15 [32m200[39m in 24ms[2m (next.js: 5ms, application-code: 19ms)[22m
 GET /api/public/auth/me [32m200[39m in 29ms[2m (next.js: 6ms, application-code: 23ms)[22m
 GET /api/public/page-configs/home [32m200[39m in 45ms[2m (next.js: 27ms, application-code: 17ms)[22m
 GET /api/public/notifications?userId=15&limit=50 [32m200[39m in 55ms[2m (next.js: 48ms, application-code: 7ms)[22m
 GET /api/public/intro-config [32m200[39m in 63ms[2m (next.js: 56ms, application-code: 7ms)[22m
 GET /api/public/pass/policies [32m200[39m in 76ms[2m (next.js: 64ms, application-code: 12ms)[22m
 GET /api/public/attendance/status?userId=15 [32m200[39m in 83ms[2m (next.js: 77ms, application-code: 6ms)[22m
 GET /api/public/pass/policies [32m200[39m in 92ms[2m (next.js: 84ms, application-code: 8ms)[22m
 GET /api/public/auth/me [32m200[39m in 114ms[2m (next.js: 17ms, application-code: 96ms)[22m
 GET /api/public/wishes/my [32m200[39m in 114ms[2m (next.js: 46ms, application-code: 68ms)[22m
 GET /api/public/healing-quotes [32m200[39m in 9ms[2m (next.js: 3ms, application-code: 5ms)[22m
 GET /api/public/attendance/status?userId=15 [32m200[39m in 24ms[2m (next.js: 14ms, application-code: 10ms)[22m
 GET /api/public/wallet?userId=15 [32m200[39m in 24ms[2m (next.js: 6ms, application-code: 18ms)[22m
 GET /api/public/wallet?userId=15 [32m200[39m in 38ms[2m (next.js: 26ms, application-code: 11ms)[22m
 GET /api/public/wallet?userId=15 [32m200[39m in 49ms[2m (next.js: 39ms, application-code: 10ms)[22m
 GET /api/public/wallet?userId=15 [32m200[39m in 22ms[2m (next.js: 7ms, application-code: 14ms)[22m
 GET /api/public/grades [32m200[39m in 33ms[2m (next.js: 23ms, application-code: 10ms)[22m
 GET /api/public/pass/status?userId=15 [32m200[39m in 45ms[2m (next.js: 35ms, application-code: 10ms)[22m
 GET /api/public/wallet?userId=15 [32m200[39m in 23ms[2m (next.js: 5ms, application-code: 18ms)[22m
 GET /api/public/pass/status?userId=15 [32m200[39m in 15ms[2m (next.js: 4ms, application-code: 11ms)[22m
 GET /api/public/wallet?userId=15 [32m200[39m in 18ms[2m (next.js: 5ms, application-code: 14ms)[22m
 GET /api/public/wallet?userId=15 [32m200[39m in 27ms[2m (next.js: 13ms, application-code: 14ms)[22m
 GET /api/public/page-configs/home [32m200[39m in 58ms[2m (next.js: 39ms, application-code: 19ms)[22m
 GET /api/public/intro-config [32m200[39m in 75ms[2m (next.js: 65ms, application-code: 10ms)[22m
 GET /api/public/notifications?userId=15&limit=50 [32m200[39m in 94ms[2m (next.js: 83ms, application-code: 12ms)[22m
 GET /api/public/attendance/status?userId=15 [32m200[39m in 110ms[2m (next.js: 101ms, application-code: 10ms)[22m
 GET /api/public/pass/policies [32m200[39m in 128ms[2m (next.js: 117ms, application-code: 11ms)[22m
 GET /api/public/healing-quotes [32m200[39m in 115ms[2m (next.js: 108ms, application-code: 7ms)[22m
 OPTIONS /api/public/auth/me [32m200[39m in 20ms[2m (next.js: 13ms, application-code: 7ms)[22m
 OPTIONS /api/public/wishes/my [32m200[39m in 12ms[2m (next.js: 4ms, application-code: 8ms)[22m
 GET /api/public/wallet?userId=15 [32m200[39m in 20ms[2m (next.js: 4ms, application-code: 15ms)[22m
 GET /api/public/pass/policies [32m200[39m in 26ms[2m (next.js: 12ms, application-code: 14ms)[22m
 GET /api/public/pass/status?userId=15 [32m200[39m in 50ms[2m (next.js: 40ms, application-code: 10ms)[22m
 GET /api/public/attendance/status?userId=15 [32m200[39m in 61ms[2m (next.js: 54ms, application-code: 7ms)[22m
 GET /api/public/wishes/my [32m200[39m in 76ms[2m (next.js: 32ms, application-code: 45ms)[22m
 GET /api/public/auth/me [32m200[39m in 78ms[2m (next.js: 62ms, application-code: 16ms)[22m
 GET /api/public/wallet?userId=15 [32m200[39m in 13ms[2m (next.js: 3ms, application-code: 10ms)[22m
 GET /api/public/wallet?userId=15 [32m200[39m in 25ms[2m (next.js: 6ms, application-code: 19ms)[22m
 GET /api/public/grades [32m200[39m in 17ms[2m (next.js: 8ms, application-code: 9ms)[22m
 GET /api/public/pass/status?userId=15 [32m200[39m in 31ms[2m (next.js: 19ms, application-code: 12ms)[22m
 GET /api/public/wallet?userId=15 [32m200[39m in 24ms[2m (next.js: 5ms, application-code: 19ms)[22m
 GET /api/public/wallet?userId=15 [32m200[39m in 18ms[2m (next.js: 4ms, application-code: 14ms)[22m
 OPTIONS /api/public/auth/me [32m200[39m in 20ms[2m (next.js: 8ms, application-code: 12ms)[22m
 OPTIONS /api/public/wishes/my [32m200[39m in 18ms[2m (next.js: 8ms, application-code: 10ms)[22m
 GET /api/public/notifications?userId=15&limit=50 [32m200[39m in 31ms[2m (next.js: 21ms, application-code: 10ms)[22m
 GET /api/public/intro-config [32m200[39m in 30ms[2m (next.js: 20ms, application-code: 10ms)[22m
 GET /api/public/page-configs/home [32m200[39m in 33ms[2m (next.js: 19ms, application-code: 15ms)[22m
 GET /api/public/healing-quotes [32m200[39m in 31ms[2m (next.js: 25ms, application-code: 7ms)[22m
 GET /api/public/pass/policies [32m200[39m in 26ms[2m (next.js: 15ms, application-code: 11ms)[22m
 GET /api/public/wallet?userId=15 [32m200[39m in 26ms[2m (next.js: 16ms, application-code: 10ms)[22m
 GET /api/public/healing-quotes [32m200[39m in 23ms[2m (next.js: 11ms, application-code: 13ms)[22m
 GET /api/public/pass/policies [32m200[39m in 69ms[2m (next.js: 50ms, application-code: 19ms)[22m
 GET /api/public/page-configs/home [32m200[39m in 60ms[2m (next.js: 44ms, application-code: 16ms)[22m
 GET /api/public/attendance/status?userId=15 [32m200[39m in 40ms[2m (next.js: 32ms, application-code: 7ms)[22m
 GET /api/public/intro-config [32m200[39m in 49ms[2m (next.js: 41ms, application-code: 8ms)[22m
 GET /api/public/wallet?userId=15 [32m200[39m in 57ms[2m (next.js: 49ms, application-code: 7ms)[22m
 GET /api/public/auth/me [32m200[39m in 72ms[2m (next.js: 58ms, application-code: 14ms)[22m
 GET /api/public/wishes/my [32m200[39m in 75ms[2m (next.js: 61ms, application-code: 13ms)[22m
 GET /api/public/notifications?userId=15&limit=50 [32m200[39m in 57ms[2m (next.js: 53ms, application-code: 4ms)[22m
 GET /api/public/pass/policies [32m200[39m in 18ms[2m (next.js: 5ms, application-code: 13ms)[22m
 GET /api/public/pass/status?userId=15 [32m200[39m in 16ms[2m (next.js: 4ms, application-code: 12ms)[22m
 GET /api/public/wallet?userId=15 [32m200[39m in 22ms[2m (next.js: 7ms, application-code: 15ms)[22m
 GET /api/public/attendance/status?userId=15 [32m200[39m in 34ms[2m (next.js: 23ms, application-code: 11ms)[22m
 GET /api/public/grades [32m200[39m in 14ms[2m (next.js: 5ms, application-code: 10ms)[22m
 GET /api/public/pass/status?userId=15 [32m200[39m in 27ms[2m (next.js: 16ms, application-code: 10ms)[22m
 GET /api/public/wallet?userId=15 [32m200[39m in 22ms[2m (next.js: 6ms, application-code: 17ms)[22m
 GET /api/public/wallet?userId=15 [32m200[39m in 22ms[2m (next.js: 5ms, application-code: 16ms)[22m
 GET /api/public/wallet?userId=15 [32m200[39m in 25ms[2m (next.js: 5ms, application-code: 21ms)[22m
 GET /api/public/wallet?userId=15 [32m200[39m in 20ms[2m (next.js: 5ms, application-code: 15ms)[22m
 GET /api/public/notifications?userId=15&limit=50 [32m200[39m in 182ms[2m (next.js: 95ms, application-code: 87ms)[22m
 GET /api/public/wallet?userId=15 [32m200[39m in 212ms[2m (next.js: 191ms, application-code: 21ms)[22m
 OPTIONS /api/public/auth/me [32m200[39m in 258ms[2m (next.js: 251ms, application-code: 7ms)[22m
 GET /api/public/pass/policies [32m200[39m in 244ms[2m (next.js: 232ms, application-code: 12ms)[22m
 GET /api/public/healing-quotes [32m200[39m in 241ms[2m (next.js: 229ms, application-code: 12ms)[22m
 GET /api/public/attendance/status?userId=15 [32m200[39m in 259ms[2m (next.js: 248ms, application-code: 11ms)[22m
 GET /api/public/page-configs/home [32m200[39m in 288ms[2m (next.js: 268ms, application-code: 21ms)[22m
 OPTIONS /api/public/wishes/my [32m200[39m in 304ms[2m (next.js: 296ms, application-code: 8ms)[22m
 GET /api/public/intro-config [32m200[39m in 20ms[2m (next.js: 8ms, application-code: 12ms)[22m
 GET /api/public/wallet?userId=15 [32m200[39m in 18ms[2m (next.js: 3ms, application-code: 15ms)[22m
 GET /api/public/auth/me [32m200[39m in 45ms[2m (next.js: 6ms, application-code: 39ms)[22m
 GET /api/public/wallet?userId=15 [32m200[39m in 29ms[2m (next.js: 11ms, application-code: 17ms)[22m
 GET /api/public/attendance/status?userId=15 [32m200[39m in 30ms[2m (next.js: 19ms, application-code: 11ms)[22m
 GET /api/public/pass/status?userId=15 [32m200[39m in 42ms[2m (next.js: 33ms, application-code: 9ms)[22m
 GET /api/public/pass/policies [32m200[39m in 56ms[2m (next.js: 43ms, application-code: 13ms)[22m
 GET /api/public/wishes/my [32m200[39m in 68ms[2m (next.js: 13ms, application-code: 55ms)[22m
 GET /api/public/grades [32m200[39m in 18ms[2m (next.js: 10ms, application-code: 8ms)[22m
 GET /api/public/wallet?userId=15 [32m200[39m in 22ms[2m (next.js: 4ms, application-code: 17ms)[22m
 GET /api/public/pass/status?userId=15 [32m200[39m in 15ms[2m (next.js: 4ms, application-code: 11ms)[22m
 GET /api/public/wallet?userId=15 [32m200[39m in 22ms[2m (next.js: 5ms, application-code: 17ms)[22m
 GET /api/public/wallet?userId=15 [32m200[39m in 17ms[2m (next.js: 4ms, application-code: 13ms)[22m
 GET /api/public/attendance/status?userId=15 [32m200[39m in 19ms[2m (next.js: 9ms, application-code: 10ms)[22m
 GET /api/public/pass/policies [32m200[39m in 35ms[2m (next.js: 22ms, application-code: 13ms)[22m
 GET /api/public/intro-config [32m200[39m in 38ms[2m (next.js: 28ms, application-code: 10ms)[22m
 GET /api/public/healing-quotes [32m200[39m in 32ms[2m (next.js: 24ms, application-code: 8ms)[22m
 OPTIONS /api/public/auth/me [32m200[39m in 26ms[2m (next.js: 21ms, application-code: 5ms)[22m
 GET /api/public/notifications?userId=15&limit=50 [32m200[39m in 21ms[2m (next.js: 15ms, application-code: 6ms)[22m
 GET /api/public/page-configs/home [32m200[39m in 29ms[2m (next.js: 15ms, application-code: 14ms)[22m
 GET /api/public/wallet?userId=15 [32m200[39m in 29ms[2m (next.js: 21ms, application-code: 7ms)[22m
 GET /api/public/pass/policies [32m200[39m in 24ms[2m (next.js: 6ms, application-code: 18ms)[22m
 OPTIONS /api/public/wishes/my [32m200[39m in 33ms[2m (next.js: 26ms, application-code: 7ms)[22m
 GET /api/public/attendance/status?userId=15 [32m200[39m in 21ms[2m (next.js: 9ms, application-code: 12ms)[22m
 GET /api/public/pass/status?userId=15 [32m200[39m in 35ms[2m (next.js: 22ms, application-code: 13ms)[22m
 GET /api/public/wallet?userId=15 [32m200[39m in 24ms[2m (next.js: 6ms, application-code: 18ms)[22m
 GET /api/public/wishes/my [32m200[39m in 35ms[2m (next.js: 9ms, application-code: 26ms)[22m
 GET /api/public/auth/me [32m200[39m in 41ms[2m (next.js: 16ms, application-code: 25ms)[22m
 GET /api/public/wallet?userId=15 [32m200[39m in 22ms[2m (next.js: 7ms, application-code: 16ms)[22m
 GET /api/public/pass/status?userId=15 [32m200[39m in 21ms[2m (next.js: 8ms, application-code: 13ms)[22m
 GET /api/public/grades [32m200[39m in 25ms[2m (next.js: 7ms, application-code: 19ms)[22m
 GET /api/public/wallet?userId=15 [32m200[39m in 11ms[2m (next.js: 4ms, application-code: 7ms)[22m
 GET /api/public/pass/policies [32m200[39m in 19ms[2m (next.js: 5ms, application-code: 14ms)[22m
 GET /api/public/healing-quotes [32m200[39m in 22ms[2m (next.js: 11ms, application-code: 11ms)[22m
 GET /api/public/page-configs/home [32m200[39m in 45ms[2m (next.js: 25ms, application-code: 20ms)[22m
 GET /api/public/attendance/status?userId=15 [32m200[39m in 59ms[2m (next.js: 52ms, application-code: 7ms)[22m
 GET /api/public/notifications?userId=15&limit=50 [32m200[39m in 70ms[2m (next.js: 60ms, application-code: 10ms)[22m
 GET /api/public/wishes/my [32m200[39m in 79ms[2m (next.js: 46ms, application-code: 32ms)[22m
 GET /api/public/wallet?userId=15 [32m200[39m in 85ms[2m (next.js: 76ms, application-code: 9ms)[22m
 GET /api/public/attendance/status?userId=15 [32m200[39m in 20ms[2m (next.js: 7ms, application-code: 13ms)[22m
 GET /api/public/wallet?userId=15 [32m200[39m in 36ms[2m (next.js: 22ms, application-code: 14ms)[22m
 GET /api/public/pass/policies [32m200[39m in 52ms[2m (next.js: 39ms, application-code: 13ms)[22m
 GET /api/public/pass/status?userId=15 [32m200[39m in 15ms[2m (next.js: 4ms, application-code: 11ms)[22m
 GET /api/public/wallet?userId=15 [32m200[39m in 19ms[2m (next.js: 5ms, application-code: 14ms)[22m
 GET /api/public/wallet?userId=15 [32m200[39m in 19ms[2m (next.js: 5ms, application-code: 14ms)[22m
 GET /api/public/wallet?userId=15 [32m200[39m in 22ms[2m (next.js: 4ms, application-code: 18ms)[22m
 GET /api/public/wallet?userId=15 [32m200[39m in 19ms[2m (next.js: 6ms, application-code: 13ms)[22m
 GET /api/public/pass/status?userId=15 [32m200[39m in 33ms[2m (next.js: 22ms, application-code: 11ms)[22m
 GET /api/public/wallet?userId=15 [32m200[39m in 11ms[2m (next.js: 5ms, application-code: 6ms)[22m
 GET /api/public/wallet?userId=15 [32m200[39m in 14ms[2m (next.js: 3ms, application-code: 11ms)[22m
 GET /api/public/wishes/my [32m200[39m in 16ms[2m (next.js: 4ms, application-code: 12ms)[22m
 OPTIONS /api/public/wishes/pending-openings [32m200[39m in 12ms[2m (next.js: 4ms, application-code: 8ms)[22m
 GET /api/public/wishes/pending-openings [32m200[39m in 10ms[2m (next.js: 3ms, application-code: 7ms)[22m
 OPTIONS /api/public/gratitude/received [32m200[39m in 875ms[2m (next.js: 869ms, application-code: 7ms)[22m
 OPTIONS /api/public/gratitude/sealable [32m200[39m in 993ms[2m (next.js: 987ms, application-code: 6ms)[22m
 GET /api/public/gratitude/received [32m200[39m in 16ms[2m (next.js: 3ms, application-code: 13ms)[22m
 GET /api/public/gratitude/sealable [32m200[39m in 21ms[2m (next.js: 3ms, application-code: 18ms)[22m
 OPTIONS /api/public/wallet/earn [32m200[39m in 23ms[2m (next.js: 12ms, application-code: 11ms)[22m
 POST /api/public/wallet/earn [32m200[39m in 69ms[2m (next.js: 6ms, application-code: 63ms)[22m
 GET /api/public/wallet?userId=15 [32m200[39m in 23ms[2m (next.js: 5ms, application-code: 18ms)[22m
 GET /api/public/wallet?userId=15 [32m200[39m in 22ms[2m (next.js: 4ms, application-code: 17ms)[22m
 OPTIONS /api/public/wallet/earn [32m200[39m in 15ms[2m (next.js: 4ms, application-code: 11ms)[22m
 POST /api/public/wallet/earn [32m200[39m in 55ms[2m (next.js: 4ms, application-code: 50ms)[22m
 GET /api/public/wallet?userId=15 [32m200[39m in 22ms[2m (next.js: 4ms, application-code: 17ms)[22m
 GET /api/public/wallet?userId=15 [32m200[39m in 22ms[2m (next.js: 8ms, application-code: 14ms)[22m
 OPTIONS /api/public/wallet/earn [32m200[39m in 12ms[2m (next.js: 5ms, application-code: 8ms)[22m
 POST /api/public/wallet/earn [32m200[39m in 58ms[2m (next.js: 8ms, application-code: 49ms)[22m
 GET /api/public/wallet?userId=15 [32m200[39m in 22ms[2m (next.js: 4ms, application-code: 18ms)[22m
 GET /api/public/wallet?userId=15 [32m200[39m in 12ms[2m (next.js: 3ms, application-code: 9ms)[22m
 OPTIONS /api/public/gratitude/received [32m200[39m in 17ms[2m (next.js: 6ms, application-code: 11ms)[22m
 OPTIONS /api/public/gratitude/sealable [32m200[39m in 27ms[2m (next.js: 19ms, application-code: 7ms)[22m
 GET /api/public/gratitude/received [32m200[39m in 35ms[2m (next.js: 8ms, application-code: 27ms)[22m
 GET /api/public/gratitude/sealable [32m200[39m in 44ms[2m (next.js: 15ms, application-code: 29ms)[22m
 GET /api/public/shop/seals [32m200[39m in 21ms[2m (next.js: 9ms, application-code: 12ms)[22m
 OPTIONS /api/public/inventory [32m200[39m in 19ms[2m (next.js: 11ms, application-code: 8ms)[22m
 GET /api/public/shop/talismans [32m200[39m in 33ms[2m (next.js: 19ms, application-code: 14ms)[22m
 GET /api/public/shop/candles [32m200[39m in 36ms[2m (next.js: 25ms, application-code: 10ms)[22m
 GET /api/public/inventory [32m200[39m in 17ms[2m (next.js: 4ms, application-code: 13ms)[22m
 OPTIONS /api/public/wishes [32m200[39m in 410ms[2m (next.js: 393ms, application-code: 17ms)[22m
 GET /api/public/wishes [32m200[39m in 33ms[2m (next.js: 6ms, application-code: 28ms)[22m
 OPTIONS /api/public/wallet/earn [32m200[39m in 12ms[2m (next.js: 4ms, application-code: 8ms)[22m
 POST /api/public/wallet/earn [32m200[39m in 46ms[2m (next.js: 4ms, application-code: 42ms)[22m
 GET /api/public/wallet?userId=15 [32m200[39m in 19ms[2m (next.js: 4ms, application-code: 14ms)[22m
 GET /api/public/wallet?userId=15 [32m200[39m in 18ms[2m (next.js: 4ms, application-code: 14ms)[22m
 OPTIONS /api/public/wishes/w_23/support [32m200[39m in 71ms[2m (next.js: 59ms, application-code: 12ms)[22m
 POST /api/public/wishes/w_23/support [32m200[39m in 29ms[2m (next.js: 6ms, application-code: 23ms)[22m
 OPTIONS /api/public/wishes/w_27/support [32m200[39m in 49ms[2m (next.js: 45ms, application-code: 4ms)[22m
 POST /api/public/wishes/w_27/support [32m200[39m in 21ms[2m (next.js: 4ms, application-code: 16ms)[22m
 OPTIONS /api/public/wishes/w_27 [32m200[39m in 38ms[2m (next.js: 33ms, application-code: 5ms)[22m
 OPTIONS /api/public/wishes/w_27/comments [32m200[39m in 39ms[2m (next.js: 34ms, application-code: 5ms)[22m
 GET /api/public/wishes/w_27/comments [32m200[39m in 17ms[2m (next.js: 5ms, application-code: 12ms)[22m
 GET /api/public/wishes/w_27 [32m200[39m in 18ms[2m (next.js: 5ms, application-code: 13ms)[22m
 GET /api/public/pass/policies [32m200[39m in 23ms[2m (next.js: 8ms, application-code: 15ms)[22m
 OPTIONS /api/public/auth/me [32m200[39m in 35ms[2m (next.js: 27ms, application-code: 7ms)[22m
 GET /api/public/wallet?userId=15 [32m200[39m in 32ms[2m (next.js: 19ms, application-code: 13ms)[22m
 OPTIONS /api/public/wishes/my [32m200[39m in 28ms[2m (next.js: 23ms, application-code: 5ms)[22m
 GET /api/public/page-configs/home [32m200[39m in 26ms[2m (next.js: 13ms, application-code: 12ms)[22m
 GET /api/public/healing-quotes [32m200[39m in 26ms[2m (next.js: 20ms, application-code: 6ms)[22m
 GET /api/public/attendance/status?userId=15 [32m200[39m in 16ms[2m (next.js: 11ms, application-code: 6ms)[22m
 GET /api/public/intro-config [32m200[39m in 13ms[2m (next.js: 5ms, application-code: 8ms)[22m
 GET /api/public/notifications?userId=15&limit=50 [32m200[39m in 15ms[2m (next.js: 5ms, application-code: 10ms)[22m
 GET /api/public/pass/policies [32m200[39m in 23ms[2m (next.js: 5ms, application-code: 19ms)[22m
 GET /api/public/auth/me [32m200[39m in 42ms[2m (next.js: 26ms, application-code: 16ms)[22m
 GET /api/public/pass/status?userId=15 [32m200[39m in 14ms[2m (next.js: 4ms, application-code: 10ms)[22m
 GET /api/public/wallet?userId=15 [32m200[39m in 14ms[2m (next.js: 4ms, application-code: 9ms)[22m
 GET /api/public/attendance/status?userId=15 [32m200[39m in 17ms[2m (next.js: 6ms, application-code: 11ms)[22m
 GET /api/public/wishes/my [32m200[39m in 18ms[2m (next.js: 4ms, application-code: 14ms)[22m
 GET /api/public/wallet?userId=15 [32m200[39m in 23ms[2m (next.js: 4ms, application-code: 19ms)[22m
 GET /api/public/pass/status?userId=15 [32m200[39m in 18ms[2m (next.js: 6ms, application-code: 12ms)[22m
 GET /api/public/grades [32m200[39m in 30ms[2m (next.js: 20ms, application-code: 10ms)[22m
 GET /api/public/wallet?userId=15 [32m200[39m in 22ms[2m (next.js: 4ms, application-code: 17ms)[22m
 GET /api/public/wallet?userId=15 [32m200[39m in 12ms[2m (next.js: 4ms, application-code: 9ms)[22m
 GET /api/public/wallet?userId=15 [32m200[39m in 20ms[2m (next.js: 4ms, application-code: 16ms)[22m
 GET /api/public/page-configs/home [32m200[39m in 31ms[2m (next.js: 9ms, application-code: 21ms)[22m
 GET /api/public/healing-quotes [32m200[39m in 49ms[2m (next.js: 38ms, application-code: 10ms)[22m
 GET /api/public/attendance/status?userId=15 [32m200[39m in 36ms[2m (next.js: 27ms, application-code: 9ms)[22m
 GET /api/public/pass/policies [32m200[39m in 38ms[2m (next.js: 24ms, application-code: 14ms)[22m
 GET /api/public/intro-config [32m200[39m in 34ms[2m (next.js: 26ms, application-code: 8ms)[22m
 GET /api/public/notifications?userId=15&limit=50 [32m200[39m in 28ms[2m (next.js: 19ms, application-code: 9ms)[22m
 OPTIONS /api/public/wishes/my [32m200[39m in 21ms[2m (next.js: 16ms, application-code: 4ms)[22m
 GET /api/public/wallet?userId=15 [32m200[39m in 20ms[2m (next.js: 12ms, application-code: 8ms)[22m
 OPTIONS /api/public/auth/me [32m200[39m in 21ms[2m (next.js: 16ms, application-code: 4ms)[22m
 GET /api/public/wallet?userId=15 [32m200[39m in 27ms[2m (next.js: 10ms, application-code: 17ms)[22m
 GET /api/public/pass/policies [32m200[39m in 48ms[2m (next.js: 30ms, application-code: 18ms)[22m
 GET /api/public/attendance/status?userId=15 [32m200[39m in 31ms[2m (next.js: 23ms, application-code: 8ms)[22m
 GET /api/public/auth/me [32m200[39m in 40ms[2m (next.js: 8ms, application-code: 33ms)[22m
 GET /api/public/wishes/my [32m200[39m in 45ms[2m (next.js: 17ms, application-code: 28ms)[22m
 GET /api/public/pass/status?userId=15 [32m200[39m in 55ms[2m (next.js: 44ms, application-code: 11ms)[22m
 GET /api/public/wallet?userId=15 [32m200[39m in 25ms[2m (next.js: 6ms, application-code: 18ms)[22m
 GET /api/public/pass/status?userId=15 [32m200[39m in 25ms[2m (next.js: 8ms, application-code: 17ms)[22m
 GET /api/public/grades [32m200[39m in 15ms[2m (next.js: 5ms, application-code: 10ms)[22m
 GET /api/public/wallet?userId=15 [32m200[39m in 25ms[2m (next.js: 5ms, application-code: 20ms)[22m
 GET /api/public/wallet?userId=15 [32m200[39m in 20ms[2m (next.js: 5ms, application-code: 15ms)[22m
 GET /api/public/wallet?userId=15 [32m200[39m in 23ms[2m (next.js: 5ms, application-code: 19ms)[22m
 OPTIONS /api/public/wishes/my [32m200[39m in 19ms[2m (next.js: 11ms, application-code: 8ms)[22m
 GET /api/public/healing-quotes [32m200[39m in 31ms[2m (next.js: 21ms, application-code: 10ms)[22m
 GET /api/public/pass/policies [32m200[39m in 49ms[2m (next.js: 36ms, application-code: 13ms)[22m
 GET /api/public/intro-config [32m200[39m in 33ms[2m (next.js: 24ms, application-code: 8ms)[22m
 GET /api/public/notifications?userId=15&limit=50 [32m200[39m in 35ms[2m (next.js: 25ms, application-code: 10ms)[22m
 GET /api/public/page-configs/home [32m200[39m in 46ms[2m (next.js: 23ms, application-code: 23ms)[22m
 GET /api/public/attendance/status?userId=15 [32m200[39m in 47ms[2m (next.js: 38ms, application-code: 9ms)[22m
 GET /api/public/wallet?userId=15 [32m200[39m in 33ms[2m (next.js: 21ms, application-code: 12ms)[22m
 OPTIONS /api/public/auth/me [32m200[39m in 22ms[2m (next.js: 18ms, application-code: 4ms)[22m
 GET /api/public/wishes/my [32m200[39m in 19ms[2m (next.js: 5ms, application-code: 14ms)[22m
 GET /api/public/pass/policies [32m200[39m in 20ms[2m (next.js: 5ms, application-code: 15ms)[22m
 GET /api/public/pass/status?userId=15 [32m200[39m in 17ms[2m (next.js: 5ms, application-code: 12ms)[22m
 GET /api/public/wallet?userId=15 [32m200[39m in 21ms[2m (next.js: 6ms, application-code: 16ms)[22m
 GET /api/public/attendance/status?userId=15 [32m200[39m in 20ms[2m (next.js: 7ms, application-code: 13ms)[22m
 GET /api/public/auth/me [32m200[39m in 46ms[2m (next.js: 25ms, application-code: 22ms)[22m
 GET /api/public/pass/status?userId=15 [32m200[39m in 25ms[2m (next.js: 7ms, application-code: 18ms)[22m
 GET /api/public/wallet?userId=15 [32m200[39m in 22ms[2m (next.js: 7ms, application-code: 14ms)[22m
 GET /api/public/grades [32m200[39m in 16ms[2m (next.js: 5ms, application-code: 11ms)[22m
 GET /api/public/wallet?userId=15 [32m200[39m in 13ms[2m (next.js: 6ms, application-code: 7ms)[22m
 GET /api/public/wallet?userId=15 [32m200[39m in 19ms[2m (next.js: 5ms, application-code: 15ms)[22m
 GET /api/public/wallet?userId=15 [32m200[39m in 19ms[2m (next.js: 5ms, application-code: 14ms)[22m
 GET /api/public/pass/policies [32m200[39m in 26ms[2m (next.js: 4ms, application-code: 22ms)[22m
 GET /api/public/notifications?userId=15&limit=50 [32m200[39m in 18ms[2m (next.js: 9ms, application-code: 9ms)[22m
 GET /api/public/page-configs/home [32m200[39m in 43ms[2m (next.js: 20ms, application-code: 23ms)[22m
 GET /api/public/healing-quotes [32m200[39m in 56ms[2m (next.js: 45ms, application-code: 11ms)[22m
 GET /api/public/attendance/status?userId=15 [32m200[39m in 74ms[2m (next.js: 60ms, application-code: 15ms)[22m
 GET /api/public/wishes/my [32m200[39m in 99ms[2m (next.js: 79ms, application-code: 20ms)[22m
 GET /api/public/wallet?userId=15 [32m200[39m in 17ms[2m (next.js: 4ms, application-code: 13ms)[22m
 GET /api/public/pass/policies [32m200[39m in 14ms[2m (next.js: 4ms, application-code: 10ms)[22m
 GET /api/public/attendance/status?userId=15 [32m200[39m in 11ms[2m (next.js: 3ms, application-code: 7ms)[22m
 GET /api/public/wallet?userId=15 [32m200[39m in 15ms[2m (next.js: 3ms, application-code: 11ms)[22m
 GET /api/public/wallet?userId=15 [32m200[39m in 14ms[2m (next.js: 3ms, application-code: 10ms)[22m
 GET /api/public/pass/status?userId=15 [32m200[39m in 18ms[2m (next.js: 5ms, application-code: 13ms)[22m
 GET /api/public/wallet?userId=15 [32m200[39m in 17ms[2m (next.js: 4ms, application-code: 13ms)[22m
 GET /api/public/pass/status?userId=15 [32m200[39m in 15ms[2m (next.js: 4ms, application-code: 11ms)[22m
 GET /api/public/wallet?userId=15 [32m200[39m in 11ms[2m (next.js: 3ms, application-code: 8ms)[22m
 GET /api/public/wallet?userId=15 [32m200[39m in 20ms[2m (next.js: 6ms, application-code: 14ms)[22m
 OPTIONS /api/public/wishes/my [32m200[39m in 13ms[2m (next.js: 5ms, application-code: 8ms)[22m
 GET /api/public/wishes/my [32m200[39m in 18ms[2m (next.js: 4ms, application-code: 14ms)[22m
 OPTIONS /api/public/wishes/pending-openings [32m200[39m in 12ms[2m (next.js: 4ms, application-code: 7ms)[22m
 GET /api/public/wishes/pending-openings [32m200[39m in 22ms[2m (next.js: 4ms, application-code: 17ms)[22m
 OPTIONS /api/public/wishes [32m200[39m in 7ms[2m (next.js: 3ms, application-code: 4ms)[22m
 GET /api/public/wishes [32m200[39m in 22ms[2m (next.js: 4ms, application-code: 18ms)[22m
 OPTIONS /api/public/wallet/earn [32m200[39m in 13ms[2m (next.js: 5ms, application-code: 8ms)[22m
 POST /api/public/wallet/earn [32m200[39m in 15ms[2m (next.js: 2ms, application-code: 13ms)[22m
 GET /api/public/wallet?userId=15 [32m200[39m in 18ms[2m (next.js: 3ms, application-code: 14ms)[22m
 GET /api/public/wallet?userId=15 [32m200[39m in 24ms[2m (next.js: 10ms, application-code: 15ms)[22m
 OPTIONS /api/public/wallet/earn [32m200[39m in 18ms[2m (next.js: 7ms, application-code: 11ms)[22m
 POST /api/public/wallet/earn [32m200[39m in 31ms[2m (next.js: 5ms, application-code: 25ms)[22m
 GET /api/public/wallet?userId=15 [32m200[39m in 14ms[2m (next.js: 3ms, application-code: 12ms)[22m
 GET /api/public/wallet?userId=15 [32m200[39m in 22ms[2m (next.js: 4ms, application-code: 18ms)[22m
 OPTIONS /api/public/wallet/earn [32m200[39m in 18ms[2m (next.js: 5ms, application-code: 13ms)[22m
 POST /api/public/wallet/earn [32m200[39m in 30ms[2m (next.js: 4ms, application-code: 26ms)[22m
 GET /api/public/wallet?userId=15 [32m200[39m in 23ms[2m (next.js: 4ms, application-code: 19ms)[22m
 GET /api/public/wallet?userId=15 [32m200[39m in 20ms[2m (next.js: 7ms, application-code: 13ms)[22m
 GET /api/public/pass/policies [32m200[39m in 26ms[2m (next.js: 8ms, application-code: 18ms)[22m
 GET /api/public/intro-config [32m200[39m in 41ms[2m (next.js: 30ms, application-code: 11ms)[22m
 GET /api/public/healing-quotes [32m200[39m in 31ms[2m (next.js: 22ms, application-code: 10ms)[22m
 GET /api/public/wallet?userId=15 [32m200[39m in 30ms[2m (next.js: 19ms, application-code: 12ms)[22m
 GET /api/public/attendance/status?userId=15 [32m200[39m in 28ms[2m (next.js: 21ms, application-code: 7ms)[22m
 OPTIONS /api/public/auth/me [32m200[39m in 22ms[2m (next.js: 17ms, application-code: 4ms)[22m
 OPTIONS /api/public/wishes/my [32m200[39m in 17ms[2m (next.js: 13ms, application-code: 4ms)[22m
 GET /api/public/page-configs/home [32m200[39m in 23ms[2m (next.js: 11ms, application-code: 12ms)[22m
 GET /api/public/notifications?userId=15&limit=50 [32m200[39m in 25ms[2m (next.js: 18ms, application-code: 7ms)[22m
 GET /api/public/pass/policies [32m200[39m in 21ms[2m (next.js: 4ms, application-code: 17ms)[22m
 GET /api/public/pass/status?userId=15 [32m200[39m in 19ms[2m (next.js: 4ms, application-code: 15ms)[22m
 GET /api/public/wallet?userId=15 [32m200[39m in 10ms[2m (next.js: 3ms, application-code: 7ms)[22m
 GET /api/public/attendance/status?userId=15 [32m200[39m in 15ms[2m (next.js: 11ms, application-code: 5ms)[22m
 GET /api/public/auth/me [32m200[39m in 24ms[2m (next.js: 4ms, application-code: 19ms)[22m
 GET /api/public/wishes/my [32m200[39m in 28ms[2m (next.js: 10ms, application-code: 18ms)[22m
 GET /api/public/pass/status?userId=15 [32m200[39m in 11ms[2m (next.js: 3ms, application-code: 8ms)[22m
 GET /api/public/wallet?userId=15 [32m200[39m in 10ms[2m (next.js: 3ms, application-code: 8ms)[22m
 GET /api/public/grades [32m200[39m in 9ms[2m (next.js: 3ms, application-code: 6ms)[22m
 GET /api/public/wallet?userId=15 [32m200[39m in 18ms[2m (next.js: 5ms, application-code: 14ms)[22m
 GET /api/public/wallet?userId=15 [32m200[39m in 22ms[2m (next.js: 4ms, application-code: 17ms)[22m
 GET /api/public/wallet?userId=15 [32m200[39m in 19ms[2m (next.js: 5ms, application-code: 14ms)[22m
 GET /api/public/pass/policies [32m200[39m in 26ms[2m (next.js: 11ms, application-code: 15ms)[22m
 GET /api/public/healing-quotes [32m200[39m in 39ms[2m (next.js: 29ms, application-code: 10ms)[22m
 GET /api/public/page-configs/home [32m200[39m in 59ms[2m (next.js: 41ms, application-code: 18ms)[22m
 GET /api/public/notifications?userId=15&limit=50 [32m200[39m in 20ms[2m (next.js: 11ms, application-code: 9ms)[22m
 GET /api/public/wallet?userId=15 [32m200[39m in 37ms[2m (next.js: 23ms, application-code: 14ms)[22m
 GET /api/public/attendance/status?userId=15 [32m200[39m in 31ms[2m (next.js: 21ms, application-code: 10ms)[22m
 OPTIONS /api/public/wishes/my [32m200[39m in 21ms[2m (next.js: 15ms, application-code: 6ms)[22m
 GET /api/public/pass/policies [32m200[39m in 18ms[2m (next.js: 5ms, application-code: 13ms)[22m
 GET /api/public/pass/status?userId=15 [32m200[39m in 17ms[2m (next.js: 5ms, application-code: 12ms)[22m
 GET /api/public/wallet?userId=15 [32m200[39m in 19ms[2m (next.js: 5ms, application-code: 14ms)[22m
 GET /api/public/attendance/status?userId=15 [32m200[39m in 34ms[2m (next.js: 23ms, application-code: 11ms)[22m
 GET /api/public/wishes/my [32m200[39m in 20ms[2m (next.js: 4ms, application-code: 16ms)[22m
 GET /api/public/pass/status?userId=15 [32m200[39m in 16ms[2m (next.js: 5ms, application-code: 12ms)[22m
 GET /api/public/wallet?userId=15 [32m200[39m in 22ms[2m (next.js: 4ms, application-code: 18ms)[22m
 GET /api/public/wallet?userId=15 [32m200[39m in 18ms[2m (next.js: 4ms, application-code: 14ms)[22m
 GET /api/public/wallet?userId=15 [32m200[39m in 19ms[2m (next.js: 5ms, application-code: 14ms)[22m
 GET /api/public/wallet?userId=15 [32m200[39m in 18ms[2m (next.js: 4ms, application-code: 14ms)[22m
 OPTIONS /api/public/wishes/my [32m200[39m in 12ms[2m (next.js: 4ms, application-code: 7ms)[22m
 GET /api/public/wishes/my [32m200[39m in 13ms[2m (next.js: 3ms, application-code: 10ms)[22m
 OPTIONS /api/public/wishes/pending-openings [32m200[39m in 13ms[2m (next.js: 5ms, application-code: 8ms)[22m
 GET /api/public/wishes/pending-openings [32m200[39m in 19ms[2m (next.js: 5ms, application-code: 14ms)[22m
 OPTIONS /api/public/inventory [32m200[39m in 7ms[2m (next.js: 3ms, application-code: 4ms)[22m
 GET /api/public/inventory [32m200[39m in 22ms[2m (next.js: 9ms, application-code: 13ms)[22m
 OPTIONS /api/public/auth/me [32m200[39m in 13ms[2m (next.js: 6ms, application-code: 7ms)[22m
 OPTIONS /api/public/wishes/my [32m200[39m in 26ms[2m (next.js: 19ms, application-code: 7ms)[22m
 GET /api/public/attendance/status?userId=15 [32m200[39m in 14ms[2m (next.js: 7ms, application-code: 7ms)[22m
 GET /api/public/wallet?userId=15 [32m200[39m in 32ms[2m (next.js: 17ms, application-code: 15ms)[22m
 GET /api/public/auth/me [32m200[39m in 25ms[2m (next.js: 9ms, application-code: 16ms)[22m
 GET /api/public/intro-config [32m200[39m in 34ms[2m (next.js: 25ms, application-code: 8ms)[22m
 GET /api/public/wishes/my [32m200[39m in 41ms[2m (next.js: 30ms, application-code: 11ms)[22m
 GET /api/public/pass/policies [32m200[39m in 31ms[2m (next.js: 22ms, application-code: 9ms)[22m
 GET /api/public/healing-quotes [32m200[39m in 35ms[2m (next.js: 28ms, application-code: 7ms)[22m
 GET /api/public/page-configs/home [32m200[39m in 28ms[2m (next.js: 16ms, application-code: 12ms)[22m
 GET /api/public/notifications?userId=15&limit=50 [32m200[39m in 25ms[2m (next.js: 19ms, application-code: 6ms)[22m
 GET /api/public/attendance/status?userId=15 [32m200[39m in 18ms[2m (next.js: 4ms, application-code: 14ms)[22m
 GET /api/public/wallet?userId=15 [32m200[39m in 22ms[2m (next.js: 6ms, application-code: 16ms)[22m
 GET /api/public/grades [32m200[39m in 32ms[2m (next.js: 23ms, application-code: 9ms)[22m
 GET /api/public/wallet?userId=15 [32m200[39m in 24ms[2m (next.js: 7ms, application-code: 17ms)[22m
 GET /api/public/pass/policies [32m200[39m in 39ms[2m (next.js: 26ms, application-code: 13ms)[22m
 GET /api/public/pass/status?userId=15 [32m200[39m in 40ms[2m (next.js: 18ms, application-code: 22ms)[22m
 GET /api/public/wallet?userId=15 [32m200[39m in 20ms[2m (next.js: 5ms, application-code: 15ms)[22m
 GET /api/public/pass/status?userId=15 [32m200[39m in 8ms[2m (next.js: 3ms, application-code: 5ms)[22m
 GET /api/public/wallet?userId=15 [32m200[39m in 21ms[2m (next.js: 4ms, application-code: 16ms)[22m
 GET /api/public/wallet?userId=15 [32m200[39m in 19ms[2m (next.js: 4ms, application-code: 15ms)[22m
 GET /api/public/pass/policies [32m200[39m in 22ms[2m (next.js: 8ms, application-code: 14ms)[22m
 GET /api/public/page-configs/home [32m200[39m in 29ms[2m (next.js: 10ms, application-code: 20ms)[22m
 GET /api/public/healing-quotes [32m200[39m in 40ms[2m (next.js: 31ms, application-code: 9ms)[22m
 GET /api/public/attendance/status?userId=15 [32m200[39m in 50ms[2m (next.js: 42ms, application-code: 8ms)[22m
 GET /api/public/notifications?userId=15&limit=50 [32m200[39m in 64ms[2m (next.js: 57ms, application-code: 6ms)[22m
 GET /api/public/wishes/my [32m200[39m in 70ms[2m (next.js: 52ms, application-code: 19ms)[22m
 GET /api/public/wallet?userId=15 [32m200[39m in 18ms[2m (next.js: 4ms, application-code: 14ms)[22m
 GET /api/public/pass/policies [32m200[39m in 17ms[2m (next.js: 4ms, application-code: 13ms)[22m
 GET /api/public/attendance/status?userId=15 [32m200[39m in 15ms[2m (next.js: 5ms, application-code: 10ms)[22m
 GET /api/public/wallet?userId=15 [32m200[39m in 19ms[2m (next.js: 4ms, application-code: 15ms)[22m
 GET /api/public/pass/status?userId=15 [32m200[39m in 15ms[2m (next.js: 4ms, application-code: 11ms)[22m
 GET /api/public/wallet?userId=15 [32m200[39m in 19ms[2m (next.js: 5ms, application-code: 14ms)[22m
 GET /api/public/wallet?userId=15 [32m200[39m in 17ms[2m (next.js: 4ms, application-code: 13ms)[22m
 GET /api/public/pass/status?userId=15 [32m200[39m in 15ms[2m (next.js: 4ms, application-code: 11ms)[22m
 GET /api/public/wallet?userId=15 [32m200[39m in 20ms[2m (next.js: 5ms, application-code: 15ms)[22m
 GET /api/public/wallet?userId=15 [32m200[39m in 21ms[2m (next.js: 5ms, application-code: 16ms)[22m
 GET /api/public/wishes/my [32m200[39m in 19ms[2m (next.js: 4ms, application-code: 15ms)[22m
 OPTIONS /api/public/wishes/pending-openings [32m200[39m in 13ms[2m (next.js: 5ms, application-code: 9ms)[22m
 GET /api/public/wishes/pending-openings [32m200[39m in 12ms[2m (next.js: 4ms, application-code: 8ms)[22m
 OPTIONS /api/public/inventory [32m200[39m in 12ms[2m (next.js: 5ms, application-code: 8ms)[22m
 GET /api/public/inventory [32m200[39m in 11ms[2m (next.js: 3ms, application-code: 8ms)[22m
 GET /api/public/pass/policies [32m200[39m in 9ms[2m (next.js: 2ms, application-code: 6ms)[22m
 GET /api/public/page-configs/home [32m200[39m in 14ms[2m (next.js: 2ms, application-code: 12ms)[22m
 GET /api/public/healing-quotes [32m200[39m in 23ms[2m (next.js: 16ms, application-code: 7ms)[22m
 GET /api/public/intro-config [32m200[39m in 10ms[2m (next.js: 4ms, application-code: 6ms)[22m
 GET /api/public/attendance/status?userId=15 [32m200[39m in 12ms[2m (next.js: 6ms, application-code: 6ms)[22m
 GET /api/public/notifications?userId=15&limit=50 [32m200[39m in 19ms[2m (next.js: 13ms, application-code: 6ms)[22m
 OPTIONS /api/public/wishes/my [32m200[39m in 25ms[2m (next.js: 21ms, application-code: 4ms)[22m
 OPTIONS /api/public/auth/me [32m200[39m in 27ms[2m (next.js: 19ms, application-code: 7ms)[22m
 GET /api/public/wallet?userId=15 [32m200[39m in 28ms[2m (next.js: 15ms, application-code: 14ms)[22m
 GET /api/public/healing-quotes [32m200[39m in 27ms[2m (next.js: 17ms, application-code: 10ms)[22m
 GET /api/public/pass/policies [32m200[39m in 45ms[2m (next.js: 24ms, application-code: 20ms)[22m
 GET /api/public/notifications?userId=15&limit=50 [32m200[39m in 49ms[2m (next.js: 39ms, application-code: 10ms)[22m
 GET /api/public/page-configs/home [32m200[39m in 78ms[2m (next.js: 58ms, application-code: 20ms)[22m
 GET /api/public/pass/policies [32m200[39m in 93ms[2m (next.js: 82ms, application-code: 10ms)[22m
 GET /api/public/intro-config [32m200[39m in 109ms[2m (next.js: 101ms, application-code: 8ms)[22m
 GET /api/public/auth/me [32m200[39m in 124ms[2m (next.js: 51ms, application-code: 73ms)[22m
 GET /api/public/wishes/my [32m200[39m in 125ms[2m (next.js: 94ms, application-code: 31ms)[22m
 GET /api/public/wallet?userId=15 [32m200[39m in 132ms[2m (next.js: 123ms, application-code: 9ms)[22m
 GET /api/public/attendance/status?userId=15 [32m200[39m in 33ms[2m (next.js: 27ms, application-code: 7ms)[22m
 GET /api/public/attendance/status?userId=15 [32m200[39m in 20ms[2m (next.js: 10ms, application-code: 10ms)[22m
 GET /api/public/wallet?userId=15 [32m200[39m in 40ms[2m (next.js: 22ms, application-code: 17ms)[22m
 GET /api/public/wallet?userId=15 [32m200[39m in 63ms[2m (next.js: 42ms, application-code: 21ms)[22m
 GET /api/public/pass/status?userId=15 [32m200[39m in 16ms[2m (next.js: 3ms, application-code: 12ms)[22m
 GET /api/public/grades [32m200[39m in 7ms[2m (next.js: 1943µs, application-code: 5ms)[22m
 GET /api/public/wallet?userId=15 [32m200[39m in 7ms[2m (next.js: 1871µs, application-code: 5ms)[22m
 GET /api/public/pass/status?userId=15 [32m200[39m in 17ms[2m (next.js: 5ms, application-code: 12ms)[22m
 GET /api/public/wallet?userId=15 [32m200[39m in 21ms[2m (next.js: 4ms, application-code: 17ms)[22m
 GET /api/public/wallet?userId=15 [32m200[39m in 19ms[2m (next.js: 5ms, application-code: 14ms)[22m
 GET /api/public/pass/policies [32m200[39m in 24ms[2m (next.js: 9ms, application-code: 15ms)[22m
 GET /api/public/attendance/status?userId=15 [32m200[39m in 40ms[2m (next.js: 26ms, application-code: 14ms)[22m
 GET /api/public/notifications?userId=15&limit=50 [32m200[39m in 51ms[2m (next.js: 44ms, application-code: 8ms)[22m
 OPTIONS /api/public/wishes/my [32m200[39m in 32ms[2m (next.js: 24ms, application-code: 8ms)[22m
 GET /api/public/wallet?userId=15 [32m200[39m in 46ms[2m (next.js: 27ms, application-code: 19ms)[22m
 GET /api/public/healing-quotes [32m200[39m in 47ms[2m (next.js: 31ms, application-code: 16ms)[22m
 GET /api/public/page-configs/home [32m200[39m in 41ms[2m (next.js: 24ms, application-code: 17ms)[22m
 GET /api/public/pass/policies [32m200[39m in 26ms[2m (next.js: 6ms, application-code: 20ms)[22m
 GET /api/public/attendance/status?userId=15 [32m200[39m in 41ms[2m (next.js: 30ms, application-code: 10ms)[22m
 GET /api/public/wishes/my [32m200[39m in 25ms[2m (next.js: 7ms, application-code: 18ms)[22m
 GET /api/public/pass/status?userId=15 [32m200[39m in 19ms[2m (next.js: 11ms, application-code: 8ms)[22m
 GET /api/public/wallet?userId=15 [32m200[39m in 19ms[2m (next.js: 5ms, application-code: 14ms)[22m
 GET /api/public/wallet?userId=15 [32m200[39m in 19ms[2m (next.js: 6ms, application-code: 13ms)[22m
 GET /api/public/pass/status?userId=15 [32m200[39m in 32ms[2m (next.js: 21ms, application-code: 11ms)[22m
 GET /api/public/wallet?userId=15 [32m200[39m in 19ms[2m (next.js: 5ms, application-code: 15ms)[22m
 GET /api/public/wallet?userId=15 [32m200[39m in 19ms[2m (next.js: 4ms, application-code: 14ms)[22m
 GET /api/public/wallet?userId=15 [32m200[39m in 26ms[2m (next.js: 4ms, application-code: 21ms)[22m
 OPTIONS /api/public/wishes/my [32m200[39m in 12ms[2m (next.js: 4ms, application-code: 7ms)[22m
 GET /api/public/wishes/my [32m200[39m in 18ms[2m (next.js: 5ms, application-code: 13ms)[22m
 OPTIONS /api/public/wishes/pending-openings [32m200[39m in 12ms[2m (next.js: 5ms, application-code: 8ms)[22m
 GET /api/public/wishes/pending-openings [32m200[39m in 19ms[2m (next.js: 5ms, application-code: 14ms)[22m
 OPTIONS /api/public/wishes/my [32m200[39m in 10ms[2m (next.js: 6ms, application-code: 4ms)[22m
 GET /api/public/wishes/my [32m200[39m in 20ms[2m (next.js: 6ms, application-code: 14ms)[22m
 OPTIONS /api/public/inventory [32m200[39m in 18ms[2m (next.js: 7ms, application-code: 11ms)[22m
 GET /api/public/shop/candles [32m200[39m in 34ms[2m (next.js: 22ms, application-code: 12ms)[22m
 GET /api/public/shop/talismans [32m200[39m in 36ms[2m (next.js: 26ms, application-code: 10ms)[22m
 GET /api/public/shop/seals [32m200[39m in 31ms[2m (next.js: 18ms, application-code: 13ms)[22m
 GET /api/public/inventory [32m200[39m in 22ms[2m (next.js: 5ms, application-code: 18ms)[22m
 OPTIONS /api/public/wishes/w_27 [32m200[39m in 70ms[2m (next.js: 60ms, application-code: 10ms)[22m
 OPTIONS /api/public/wishes/w_27/comments [32m200[39m in 129ms[2m (next.js: 118ms, application-code: 11ms)[22m
 GET /api/public/wishes/w_27 [32m200[39m in 11ms[2m (next.js: 3ms, application-code: 9ms)[22m
 GET /api/public/wishes/w_27/comments [32m200[39m in 29ms[2m (next.js: 10ms, application-code: 19ms)[22m
 GET /api/public/healing-quotes [32m200[39m in 22ms[2m (next.js: 9ms, application-code: 14ms)[22m
 GET /api/public/notifications?userId=15&limit=50 [32m200[39m in 39ms[2m (next.js: 26ms, application-code: 13ms)[22m
 GET /api/public/attendance/status?userId=15 [32m200[39m in 37ms[2m (next.js: 29ms, application-code: 8ms)[22m
 GET /api/public/wallet?userId=15 [32m200[39m in 29ms[2m (next.js: 20ms, application-code: 9ms)[22m
 OPTIONS /api/public/wishes/my [32m200[39m in 24ms[2m (next.js: 19ms, application-code: 5ms)[22m
 GET /api/public/pass/policies [32m200[39m in 24ms[2m (next.js: 11ms, application-code: 13ms)[22m
 GET /api/public/page-configs/home [32m200[39m in 35ms[2m (next.js: 19ms, application-code: 15ms)[22m
 GET /api/public/attendance/status?userId=15 [32m200[39m in 14ms[2m (next.js: 4ms, application-code: 10ms)[22m
 GET /api/public/wallet?userId=15 [32m200[39m in 24ms[2m (next.js: 7ms, application-code: 17ms)[22m
 GET /api/public/pass/policies [32m200[39m in 30ms[2m (next.js: 14ms, application-code: 16ms)[22m
 GET /api/public/wishes/my [32m200[39m in 38ms[2m (next.js: 6ms, application-code: 32ms)[22m
 GET /api/public/pass/status?userId=15 [32m200[39m in 17ms[2m (next.js: 5ms, application-code: 12ms)[22m
 GET /api/public/wallet?userId=15 [32m200[39m in 27ms[2m (next.js: 12ms, application-code: 15ms)[22m
 GET /api/public/wallet?userId=15 [32m200[39m in 21ms[2m (next.js: 6ms, application-code: 15ms)[22m
 GET /api/public/pass/status?userId=15 [32m200[39m in 37ms[2m (next.js: 26ms, application-code: 11ms)[22m
 GET /api/public/wallet?userId=15 [32m200[39m in 20ms[2m (next.js: 5ms, application-code: 16ms)[22m
 GET /api/public/wallet?userId=15 [32m200[39m in 18ms[2m (next.js: 4ms, application-code: 13ms)[22m
 GET /api/public/wishes/my [32m200[39m in 21ms[2m (next.js: 4ms, application-code: 17ms)[22m
 OPTIONS /api/public/wishes/pending-openings [32m200[39m in 14ms[2m (next.js: 4ms, application-code: 10ms)[22m
 GET /api/public/wishes/pending-openings [32m200[39m in 21ms[2m (next.js: 4ms, application-code: 17ms)[22m
 OPTIONS /api/public/wishes [32m200[39m in 19ms[2m (next.js: 8ms, application-code: 11ms)[22m
 GET /api/public/wishes [32m200[39m in 30ms[2m (next.js: 6ms, application-code: 24ms)[22m
 OPTIONS /api/public/wallet/earn [32m200[39m in 12ms[2m (next.js: 4ms, application-code: 8ms)[22m
 POST /api/public/wallet/earn [32m200[39m in 29ms[2m (next.js: 5ms, application-code: 24ms)[22m
 GET /api/public/wallet?userId=15 [32m200[39m in 24ms[2m (next.js: 5ms, application-code: 19ms)[22m
 GET /api/public/wallet?userId=15 [32m200[39m in 24ms[2m (next.js: 5ms, application-code: 18ms)[22m
 OPTIONS /api/public/wishes/w_17/comments [32m200[39m in 74ms[2m (next.js: 65ms, application-code: 9ms)[22m
 OPTIONS /api/public/wishes/w_17 [32m200[39m in 136ms[2m (next.js: 123ms, application-code: 13ms)[22m
 GET /api/public/wishes/w_17/comments [32m200[39m in 27ms[2m (next.js: 6ms, application-code: 21ms)[22m
 GET /api/public/wishes/w_17 [32m200[39m in 15ms[2m (next.js: 3ms, application-code: 12ms)[22m
 OPTIONS /api/public/wishes/w_17/fulfilled [32m200[39m in 1549ms[2m (next.js: 1531ms, application-code: 18ms)[22m
 PATCH /api/public/wishes/w_17/fulfilled [33m403[39m in 85ms[2m (next.js: 59ms, application-code: 26ms)[22m
 OPTIONS /api/public/wishes/w_17/fulfilled [32m200[39m in 81ms[2m (next.js: 70ms, application-code: 11ms)[22m
 PATCH /api/public/wishes/w_17/fulfilled [33m403[39m in 37ms[2m (next.js: 5ms, application-code: 32ms)[22m
 GET /api/public/pass/policies [32m200[39m in 22ms[2m (next.js: 8ms, application-code: 14ms)[22m
 OPTIONS /api/public/wishes/my [32m200[39m in 32ms[2m (next.js: 25ms, application-code: 6ms)[22m
 GET /api/public/attendance/status?userId=15 [32m200[39m in 25ms[2m (next.js: 17ms, application-code: 9ms)[22m
 GET /api/public/notifications?userId=15&limit=50 [32m200[39m in 26ms[2m (next.js: 19ms, application-code: 8ms)[22m
 GET /api/public/wallet?userId=15 [32m200[39m in 25ms[2m (next.js: 16ms, application-code: 9ms)[22m
 GET /api/public/page-configs/home [32m200[39m in 26ms[2m (next.js: 16ms, application-code: 11ms)[22m
 GET /api/public/healing-quotes [32m200[39m in 21ms[2m (next.js: 15ms, application-code: 5ms)[22m
 GET /api/public/pass/policies [32m200[39m in 20ms[2m (next.js: 5ms, application-code: 15ms)[22m
 GET /api/public/wishes/my [32m200[39m in 19ms[2m (next.js: 4ms, application-code: 15ms)[22m
 GET /api/public/attendance/status?userId=15 [32m200[39m in 20ms[2m (next.js: 6ms, application-code: 15ms)[22m
 GET /api/public/wallet?userId=15 [32m200[39m in 13ms[2m (next.js: 3ms, application-code: 9ms)[22m
 GET /api/public/pass/status?userId=15 [32m200[39m in 16ms[2m (next.js: 4ms, application-code: 11ms)[22m
 GET /api/public/wallet?userId=15 [32m200[39m in 18ms[2m (next.js: 4ms, application-code: 14ms)[22m
 GET /api/public/pass/status?userId=15 [32m200[39m in 15ms[2m (next.js: 4ms, application-code: 11ms)[22m
 GET /api/public/wallet?userId=15 [32m200[39m in 18ms[2m (next.js: 4ms, application-code: 14ms)[22m
 GET /api/public/wallet?userId=15 [32m200[39m in 17ms[2m (next.js: 4ms, application-code: 13ms)[22m
 GET /api/public/wallet?userId=15 [32m200[39m in 18ms[2m (next.js: 4ms, application-code: 14ms)[22m
 GET /api/public/pass/policies [32m200[39m in 20ms[2m (next.js: 5ms, application-code: 15ms)[22m
 OPTIONS /api/public/auth/me [32m200[39m in 23ms[2m (next.js: 15ms, application-code: 8ms)[22m
 GET /api/public/page-configs/home [32m200[39m in 43ms[2m (next.js: 24ms, application-code: 19ms)[22m
 GET /api/public/notifications?userId=15&limit=50 [32m200[39m in 52ms[2m (next.js: 44ms, application-code: 8ms)[22m
 GET /api/public/intro-config [32m200[39m in 63ms[2m (next.js: 55ms, application-code: 8ms)[22m
 GET /api/public/attendance/status?userId=15 [32m200[39m in 71ms[2m (next.js: 64ms, application-code: 7ms)[22m
 GET /api/public/wallet?userId=15 [32m200[39m in 81ms[2m (next.js: 72ms, application-code: 9ms)[22m
 GET /api/public/healing-quotes [32m200[39m in 87ms[2m (next.js: 81ms, application-code: 6ms)[22m
 OPTIONS /api/public/wishes/my [32m200[39m in 15ms[2m (next.js: 12ms, application-code: 4ms)[22m
 GET /api/public/pass/policies [32m200[39m in 19ms[2m (next.js: 4ms, application-code: 15ms)[22m
 GET /api/public/pass/status?userId=15 [32m200[39m in 20ms[2m (next.js: 6ms, application-code: 14ms)[22m
 GET /api/public/auth/me [32m200[39m in 37ms[2m (next.js: 22ms, application-code: 15ms)[22m
 GET /api/public/wallet?userId=15 [32m200[39m in 12ms[2m (next.js: 3ms, application-code: 9ms)[22m
 GET /api/public/attendance/status?userId=15 [32m200[39m in 14ms[2m (next.js: 8ms, application-code: 6ms)[22m
 GET /api/public/wishes/my [32m200[39m in 20ms[2m (next.js: 3ms, application-code: 16ms)[22m
 GET /api/public/pass/status?userId=15 [32m200[39m in 10ms[2m (next.js: 3ms, application-code: 6ms)[22m
 GET /api/public/grades [32m200[39m in 16ms[2m (next.js: 11ms, application-code: 6ms)[22m
 GET /api/public/wallet?userId=15 [32m200[39m in 12ms[2m (next.js: 3ms, application-code: 9ms)[22m
 GET /api/public/wallet?userId=15 [32m200[39m in 10ms[2m (next.js: 2ms, application-code: 7ms)[22m
 GET /api/public/pass/policies [32m200[39m in 25ms[2m (next.js: 12ms, application-code: 14ms)[22m
 GET /api/public/healing-quotes [32m200[39m in 22ms[2m (next.js: 11ms, application-code: 12ms)[22m
 GET /api/public/attendance/status?userId=15 [32m200[39m in 32ms[2m (next.js: 24ms, application-code: 8ms)[22m
 GET /api/public/notifications?userId=15&limit=50 [32m200[39m in 40ms[2m (next.js: 33ms, application-code: 7ms)[22m
 GET /api/public/page-configs/home [32m200[39m in 52ms[2m (next.js: 41ms, application-code: 11ms)[22m
 GET /api/public/wishes/my [32m200[39m in 59ms[2m (next.js: 51ms, application-code: 7ms)[22m
 GET /api/public/wallet?userId=15 [32m200[39m in 10ms[2m (next.js: 3ms, application-code: 7ms)[22m
 GET /api/public/pass/policies [32m200[39m in 13ms[2m (next.js: 4ms, application-code: 9ms)[22m
 GET /api/public/attendance/status?userId=15 [32m200[39m in 9ms[2m (next.js: 2ms, application-code: 6ms)[22m
 GET /api/public/wallet?userId=15 [32m200[39m in 10ms[2m (next.js: 3ms, application-code: 8ms)[22m
 GET /api/public/pass/status?userId=15 [32m200[39m in 16ms[2m (next.js: 5ms, application-code: 12ms)[22m
 GET /api/public/wallet?userId=15 [32m200[39m in 8ms[2m (next.js: 2ms, application-code: 6ms)[22m
 GET /api/public/wallet?userId=15 [32m200[39m in 12ms[2m (next.js: 3ms, application-code: 9ms)[22m
 GET /api/public/wallet?userId=15 [32m200[39m in 10ms[2m (next.js: 3ms, application-code: 8ms)[22m
 GET /api/public/pass/status?userId=15 [32m200[39m in 18ms[2m (next.js: 4ms, application-code: 13ms)[22m
 GET /api/public/wallet?userId=15 [32m200[39m in 22ms[2m (next.js: 4ms, application-code: 18ms)[22m
 GET /api/public/wallet?userId=15 [32m200[39m in 19ms[2m (next.js: 4ms, application-code: 14ms)[22m
 GET /api/public/wallet?userId=15 [32m200[39m in 19ms[2m (next.js: 4ms, application-code: 15ms)[22m
 GET /api/public/wishes/my [32m200[39m in 19ms[2m (next.js: 5ms, application-code: 14ms)[22m
 OPTIONS /api/public/wishes/pending-openings [32m200[39m in 12ms[2m (next.js: 4ms, application-code: 8ms)[22m
 GET /api/public/wishes/pending-openings [32m200[39m in 11ms[2m (next.js: 3ms, application-code: 9ms)[22m
 OPTIONS /api/public/wishes [32m200[39m in 12ms[2m (next.js: 4ms, application-code: 8ms)[22m
 GET /api/public/wishes [32m200[39m in 15ms[2m (next.js: 4ms, application-code: 11ms)[22m
 OPTIONS /api/public/wallet/earn [32m200[39m in 6ms[2m (next.js: 3ms, application-code: 4ms)[22m
 POST /api/public/wallet/earn [32m200[39m in 14ms[2m (next.js: 3ms, application-code: 11ms)[22m
 GET /api/public/wallet?userId=15 [32m200[39m in 10ms[2m (next.js: 3ms, application-code: 8ms)[22m
 GET /api/public/wallet?userId=15 [32m200[39m in 13ms[2m (next.js: 3ms, application-code: 10ms)[22m
 OPTIONS /api/public/wishes/w_14/comments [32m200[39m in 60ms[2m (next.js: 52ms, application-code: 8ms)[22m
 OPTIONS /api/public/wishes/w_14 [32m200[39m in 52ms[2m (next.js: 44ms, application-code: 8ms)[22m
 GET /api/public/wishes/w_14/comments [32m200[39m in 20ms[2m (next.js: 6ms, application-code: 14ms)[22m
 GET /api/public/wishes/w_14 [32m200[39m in 16ms[2m (next.js: 8ms, application-code: 8ms)[22m
 OPTIONS /api/public/wishes/w_14/fulfilled [32m200[39m in 66ms[2m (next.js: 55ms, application-code: 10ms)[22m
 PATCH /api/public/wishes/w_14/fulfilled [33m403[39m in 14ms[2m (next.js: 4ms, application-code: 10ms)[22m
 OPTIONS /api/public/wishes/w_14/support [32m200[39m in 75ms[2m (next.js: 58ms, application-code: 17ms)[22m
 POST /api/public/wishes/w_14/support [32m200[39m in 33ms[2m (next.js: 8ms, application-code: 24ms)[22m
 OPTIONS /api/public/wishes/w_14/comments [32m200[39m in 73ms[2m (next.js: 61ms, application-code: 12ms)[22m
 GET /api/public/wishes/w_14/comments [32m200[39m in 25ms[2m (next.js: 6ms, application-code: 19ms)[22m
 OPTIONS /api/public/wishes/w_14/comments [32m200[39m in 72ms[2m (next.js: 57ms, application-code: 14ms)[22m
 POST /api/public/wishes/w_14/comments [32m200[39m in 57ms[2m (next.js: 5ms, application-code: 52ms)[22m
 GET /api/public/pass/policies [32m200[39m in 21ms[2m (next.js: 7ms, application-code: 14ms)[22m
 GET /api/public/wallet?userId=15 [32m200[39m in 34ms[2m (next.js: 22ms, application-code: 12ms)[22m
 OPTIONS /api/public/auth/me [32m200[39m in 42ms[2m (next.js: 36ms, application-code: 6ms)[22m
 GET /api/public/attendance/status?userId=15 [32m200[39m in 18ms[2m (next.js: 13ms, application-code: 6ms)[22m
 OPTIONS /api/public/wishes/my [32m200[39m in 19ms[2m (next.js: 15ms, application-code: 4ms)[22m
 GET /api/public/intro-config [32m200[39m in 18ms[2m (next.js: 10ms, application-code: 8ms)[22m
 GET /api/public/healing-quotes [32m200[39m in 22ms[2m (next.js: 14ms, application-code: 8ms)[22m
 GET /api/public/notifications?userId=15&limit=50 [32m200[39m in 18ms[2m (next.js: 13ms, application-code: 5ms)[22m
 GET /api/public/page-configs/home [32m200[39m in 21ms[2m (next.js: 11ms, application-code: 10ms)[22m
 GET /api/public/pass/policies [32m200[39m in 12ms[2m (next.js: 3ms, application-code: 10ms)[22m
 GET /api/public/wallet?userId=15 [32m200[39m in 20ms[2m (next.js: 4ms, application-code: 16ms)[22m
 GET /api/public/pass/status?userId=15 [32m200[39m in 15ms[2m (next.js: 3ms, application-code: 11ms)[22m
 GET /api/public/attendance/status?userId=15 [32m200[39m in 27ms[2m (next.js: 17ms, application-code: 10ms)[22m
 GET /api/public/auth/me [32m200[39m in 42ms[2m (next.js: 8ms, application-code: 35ms)[22m
 GET /api/public/wishes/my [32m200[39m in 29ms[2m (next.js: 13ms, application-code: 15ms)[22m
 GET /api/public/wallet?userId=15 [32m200[39m in 16ms[2m (next.js: 4ms, application-code: 12ms)[22m
 GET /api/public/wallet?userId=15 [32m200[39m in 24ms[2m (next.js: 6ms, application-code: 17ms)[22m
 GET /api/public/pass/status?userId=15 [32m200[39m in 38ms[2m (next.js: 26ms, application-code: 12ms)[22m
 GET /api/public/grades [32m200[39m in 14ms[2m (next.js: 4ms, application-code: 10ms)[22m
 GET /api/public/wallet?userId=15 [32m200[39m in 18ms[2m (next.js: 4ms, application-code: 14ms)[22m
 GET /api/public/wallet?userId=15 [32m200[39m in 19ms[2m (next.js: 5ms, application-code: 14ms)[22m
 GET /api/public/pass/policies [32m200[39m in 19ms[2m (next.js: 4ms, application-code: 15ms)[22m
 GET /api/public/healing-quotes [32m200[39m in 23ms[2m (next.js: 13ms, application-code: 10ms)[22m
 GET /api/public/page-configs/home [32m200[39m in 42ms[2m (next.js: 26ms, application-code: 17ms)[22m
 GET /api/public/attendance/status?userId=15 [32m200[39m in 54ms[2m (next.js: 45ms, application-code: 10ms)[22m
 GET /api/public/notifications?userId=15&limit=50 [32m200[39m in 67ms[2m (next.js: 59ms, application-code: 8ms)[22m
 GET /api/public/wishes/my [32m200[39m in 79ms[2m (next.js: 57ms, application-code: 22ms)[22m
 GET /api/public/wallet?userId=15 [32m200[39m in 24ms[2m (next.js: 6ms, application-code: 18ms)[22m
 GET /api/public/pass/policies [32m200[39m in 19ms[2m (next.js: 6ms, application-code: 14ms)[22m
 GET /api/public/attendance/status?userId=15 [32m200[39m in 17ms[2m (next.js: 5ms, application-code: 12ms)[22m
 GET /api/public/pass/status?userId=15 [32m200[39m in 16ms[2m (next.js: 4ms, application-code: 12ms)[22m
 GET /api/public/wallet?userId=15 [32m200[39m in 18ms[2m (next.js: 4ms, application-code: 13ms)[22m
 GET /api/public/wallet?userId=15 [32m200[39m in 18ms[2m (next.js: 4ms, application-code: 14ms)[22m
 GET /api/public/pass/status?userId=15 [32m200[39m in 19ms[2m (next.js: 6ms, application-code: 13ms)[22m
 GET /api/public/wallet?userId=15 [32m200[39m in 36ms[2m (next.js: 21ms, application-code: 15ms)[22m
 GET /api/public/wallet?userId=15 [32m200[39m in 21ms[2m (next.js: 6ms, application-code: 15ms)[22m
 GET /api/public/wallet?userId=15 [32m200[39m in 19ms[2m (next.js: 4ms, application-code: 15ms)[22m
 OPTIONS /api/public/wishes/my [32m200[39m in 13ms[2m (next.js: 4ms, application-code: 8ms)[22m
 GET /api/public/wishes/my [32m200[39m in 26ms[2m (next.js: 5ms, application-code: 21ms)[22m
 OPTIONS /api/public/wishes/pending-openings [32m200[39m in 12ms[2m (next.js: 4ms, application-code: 7ms)[22m
 GET /api/public/wishes/pending-openings [32m200[39m in 18ms[2m (next.js: 4ms, application-code: 14ms)[22m
 OPTIONS /api/public/wishes/w_23 [32m200[39m in 65ms[2m (next.js: 56ms, application-code: 9ms)[22m
 OPTIONS /api/public/wishes/w_23/comments [32m200[39m in 59ms[2m (next.js: 50ms, application-code: 8ms)[22m
 GET /api/public/wishes/w_23 [32m200[39m in 18ms[2m (next.js: 5ms, application-code: 13ms)[22m
 GET /api/public/wishes/w_23/comments [32m200[39m in 18ms[2m (next.js: 4ms, application-code: 14ms)[22m
 OPTIONS /api/public/wishes/w_23/comments [32m200[39m in 60ms[2m (next.js: 50ms, application-code: 10ms)[22m
 GET /api/public/wishes/w_23/comments [32m200[39m in 21ms[2m (next.js: 5ms, application-code: 16ms)[22m
 OPTIONS /api/public/wishes/w_23/comments [32m200[39m in 60ms[2m (next.js: 51ms, application-code: 9ms)[22m
 POST /api/public/wishes/w_23/comments [32m200[39m in 22ms[2m (next.js: 4ms, application-code: 19ms)[22m
 OPTIONS /api/public/wishes/my [32m200[39m in 7ms[2m (next.js: 3ms, application-code: 4ms)[22m
 GET /api/public/wishes/my [32m200[39m in 10ms[2m (next.js: 3ms, application-code: 8ms)[22m
 GET /api/public/shop/seals [32m200[39m in 27ms[2m (next.js: 9ms, application-code: 18ms)[22m
 OPTIONS /api/public/inventory [32m200[39m in 37ms[2m (next.js: 29ms, application-code: 8ms)[22m
 GET /api/public/shop/talismans [32m200[39m in 50ms[2m (next.js: 39ms, application-code: 11ms)[22m
 GET /api/public/shop/candles [32m200[39m in 33ms[2m (next.js: 19ms, application-code: 14ms)[22m
 GET /api/public/inventory [32m200[39m in 20ms[2m (next.js: 4ms, application-code: 16ms)[22m
 OPTIONS /api/public/inventory [32m200[39m in 19ms[2m (next.js: 8ms, application-code: 10ms)[22m
 GET /api/public/shop/candles [32m200[39m in 32ms[2m (next.js: 21ms, application-code: 10ms)[22m
 GET /api/public/shop/seals [32m200[39m in 32ms[2m (next.js: 22ms, application-code: 10ms)[22m
 GET /api/public/shop/talismans [32m200[39m in 28ms[2m (next.js: 17ms, application-code: 11ms)[22m
 GET /api/public/inventory [32m200[39m in 21ms[2m (next.js: 4ms, application-code: 16ms)[22m
 OPTIONS /api/public/wishes/my [32m200[39m in 12ms[2m (next.js: 4ms, application-code: 8ms)[22m
 GET /api/public/wishes/my [32m200[39m in 20ms[2m (next.js: 5ms, application-code: 16ms)[22m
 GET /api/public/shop/candles [32m200[39m in 26ms[2m (next.js: 11ms, application-code: 15ms)[22m
 GET /api/public/shop/talismans [32m200[39m in 38ms[2m (next.js: 28ms, application-code: 11ms)[22m
 OPTIONS /api/public/inventory [32m200[39m in 62ms[2m (next.js: 55ms, application-code: 7ms)[22m
 GET /api/public/shop/seals [32m200[39m in 39ms[2m (next.js: 24ms, application-code: 15ms)[22m
 GET /api/public/inventory [32m200[39m in 12ms[2m (next.js: 3ms, application-code: 9ms)[22m
 OPTIONS /api/public/wishes [32m200[39m in 15ms[2m (next.js: 7ms, application-code: 8ms)[22m
 GET /api/public/wishes [32m200[39m in 26ms[2m (next.js: 4ms, application-code: 21ms)[22m
 OPTIONS /api/public/wallet/earn [32m200[39m in 15ms[2m (next.js: 7ms, application-code: 9ms)[22m
 POST /api/public/wallet/earn [32m200[39m in 29ms[2m (next.js: 5ms, application-code: 24ms)[22m
 GET /api/public/wallet?userId=15 [32m200[39m in 20ms[2m (next.js: 5ms, application-code: 15ms)[22m
 GET /api/public/wallet?userId=15 [32m200[39m in 18ms[2m (next.js: 4ms, application-code: 14ms)[22m
 OPTIONS /api/public/wishes/w_27/support [32m200[39m in 72ms[2m (next.js: 61ms, application-code: 11ms)[22m
 POST /api/public/wishes/w_27/support [32m200[39m in 29ms[2m (next.js: 5ms, application-code: 25ms)[22m
 OPTIONS /api/public/wallet/earn [32m200[39m in 12ms[2m (next.js: 4ms, application-code: 8ms)[22m
 POST /api/public/wallet/earn [32m200[39m in 15ms[2m (next.js: 4ms, application-code: 11ms)[22m
 GET /api/public/wallet?userId=15 [32m200[39m in 23ms[2m (next.js: 5ms, application-code: 18ms)[22m
 GET /api/public/wallet?userId=15 [32m200[39m in 22ms[2m (next.js: 5ms, application-code: 17ms)[22m
 OPTIONS /api/public/wishes/w_22/support [32m200[39m in 66ms[2m (next.js: 57ms, application-code: 9ms)[22m
 POST /api/public/wishes/w_22/support [32m200[39m in 29ms[2m (next.js: 5ms, application-code: 25ms)[22m
 OPTIONS /api/public/wishes/w_22 [32m200[39m in 68ms[2m (next.js: 57ms, application-code: 10ms)[22m
 OPTIONS /api/public/wishes/w_22/comments [32m200[39m in 51ms[2m (next.js: 44ms, application-code: 7ms)[22m
 GET /api/public/wishes/w_22/comments [32m200[39m in 30ms[2m (next.js: 6ms, application-code: 24ms)[22m
 GET /api/public/wishes/w_22 [32m200[39m in 13ms[2m (next.js: 3ms, application-code: 10ms)[22m
 OPTIONS /api/public/wishes/w_22/fulfilled [32m200[39m in 66ms[2m (next.js: 56ms, application-code: 10ms)[22m
 PATCH /api/public/wishes/w_22/fulfilled [32m200[39m in 68ms[2m (next.js: 5ms, application-code: 63ms)[22m
 OPTIONS /api/public/inventory [32m200[39m in 13ms[2m (next.js: 5ms, application-code: 8ms)[22m
 GET /api/public/inventory [32m200[39m in 22ms[2m (next.js: 6ms, application-code: 16ms)[22m
 OPTIONS /api/public/wishes/my [32m200[39m in 12ms[2m (next.js: 5ms, application-code: 7ms)[22m
 GET /api/public/wishes/my [32m200[39m in 25ms[2m (next.js: 9ms, application-code: 16ms)[22m
 OPTIONS /api/public/wishes/pending-openings [32m200[39m in 11ms[2m (next.js: 4ms, application-code: 7ms)[22m
 GET /api/public/wishes/pending-openings [32m200[39m in 23ms[2m (next.js: 5ms, application-code: 18ms)[22m
 OPTIONS /api/public/wishes/w_27 [32m200[39m in 73ms[2m (next.js: 59ms, application-code: 13ms)[22m
 OPTIONS /api/public/wishes/w_27/comments [32m200[39m in 131ms[2m (next.js: 123ms, application-code: 8ms)[22m
 GET /api/public/wishes/w_27 [32m200[39m in 22ms[2m (next.js: 6ms, application-code: 15ms)[22m
 GET /api/public/wishes/w_27/comments [32m200[39m in 25ms[2m (next.js: 11ms, application-code: 14ms)[22m
 OPTIONS /api/public/auth/me [32m200[39m in 17ms[2m (next.js: 9ms, application-code: 8ms)[22m
 GET /api/public/page-configs/home [32m200[39m in 46ms[2m (next.js: 23ms, application-code: 23ms)[22m
 GET /api/public/pass/policies [32m200[39m in 52ms[2m (next.js: 38ms, application-code: 14ms)[22m
 GET /api/public/attendance/status?userId=15 [32m200[39m in 36ms[2m (next.js: 25ms, application-code: 11ms)[22m
 GET /api/public/wallet?userId=15 [32m200[39m in 36ms[2m (next.js: 22ms, application-code: 14ms)[22m
 GET /api/public/intro-config [32m200[39m in 29ms[2m (next.js: 23ms, application-code: 7ms)[22m
 OPTIONS /api/public/wishes/my [32m200[39m in 20ms[2m (next.js: 16ms, application-code: 4ms)[22m
 GET /api/public/healing-quotes [32m200[39m in 18ms[2m (next.js: 9ms, application-code: 9ms)[22m
 GET /api/public/notifications?userId=15&limit=50 [32m200[39m in 16ms[2m (next.js: 5ms, application-code: 11ms)[22m
 GET /api/public/auth/me [32m200[39m in 22ms[2m (next.js: 4ms, application-code: 18ms)[22m
 GET /api/public/attendance/status?userId=15 [32m200[39m in 26ms[2m (next.js: 15ms, application-code: 11ms)[22m
 GET /api/public/wallet?userId=15 [32m200[39m in 46ms[2m (next.js: 33ms, application-code: 13ms)[22m
 GET /api/public/pass/policies [32m200[39m in 70ms[2m (next.js: 55ms, application-code: 15ms)[22m
 GET /api/public/pass/status?userId=15 [32m200[39m in 81ms[2m (next.js: 72ms, application-code: 9ms)[22m
 GET /api/public/wishes/my [32m200[39m in 93ms[2m (next.js: 52ms, application-code: 42ms)[22m
 GET /api/public/grades [32m200[39m in 95ms[2m (next.js: 88ms, application-code: 7ms)[22m
 GET /api/public/wallet?userId=15 [32m200[39m in 24ms[2m (next.js: 10ms, application-code: 14ms)[22m
 GET /api/public/pass/status?userId=15 [32m200[39m in 16ms[2m (next.js: 4ms, application-code: 12ms)[22m
 GET /api/public/wallet?userId=15 [32m200[39m in 18ms[2m (next.js: 5ms, application-code: 14ms)[22m
 GET /api/public/wallet?userId=15 [32m200[39m in 20ms[2m (next.js: 4ms, application-code: 16ms)[22m
 GET /api/public/wallet?userId=15 [32m200[39m in 18ms[2m (next.js: 4ms, application-code: 14ms)[22m
 GET /api/public/pass/policies [32m200[39m in 23ms[2m (next.js: 4ms, application-code: 18ms)[22m
 GET /api/public/notifications?userId=15&limit=50 [32m200[39m in 16ms[2m (next.js: 8ms, application-code: 9ms)[22m
 GET /api/public/healing-quotes [32m200[39m in 33ms[2m (next.js: 20ms, application-code: 13ms)[22m
 GET /api/public/wallet?userId=15 [32m200[39m in 39ms[2m (next.js: 24ms, application-code: 15ms)[22m
 GET /api/public/page-configs/home [32m200[39m in 39ms[2m (next.js: 24ms, application-code: 15ms)[22m
 GET /api/public/attendance/status?userId=15 [32m200[39m in 28ms[2m (next.js: 22ms, application-code: 6ms)[22m
 OPTIONS /api/public/wishes/my [32m200[39m in 17ms[2m (next.js: 13ms, application-code: 4ms)[22m
 GET /api/public/pass/policies [32m200[39m in 22ms[2m (next.js: 4ms, application-code: 18ms)[22m
 GET /api/public/pass/status?userId=15 [32m200[39m in 20ms[2m (next.js: 8ms, application-code: 11ms)[22m
 GET /api/public/attendance/status?userId=15 [32m200[39m in 34ms[2m (next.js: 24ms, application-code: 9ms)[22m
 GET /api/public/wallet?userId=15 [32m200[39m in 56ms[2m (next.js: 45ms, application-code: 10ms)[22m
 GET /api/public/wishes/my [32m200[39m in 66ms[2m (next.js: 36ms, application-code: 30ms)[22m
 GET /api/public/wallet?userId=15 [32m200[39m in 23ms[2m (next.js: 4ms, application-code: 18ms)[22m
 GET /api/public/pass/status?userId=15 [32m200[39m in 33ms[2m (next.js: 17ms, application-code: 16ms)[22m
 GET /api/public/wallet?userId=15 [32m200[39m in 62ms[2m (next.js: 36ms, application-code: 26ms)[22m
 GET /api/public/wallet?userId=15 [32m200[39m in 20ms[2m (next.js: 4ms, application-code: 15ms)[22m
 GET /api/public/wallet?userId=15 [32m200[39m in 17ms[2m (next.js: 4ms, application-code: 13ms)[22m
 GET /api/public/notifications?userId=15&limit=50 [32m200[39m in 27ms[2m (next.js: 15ms, application-code: 12ms)[22m
 OPTIONS /api/public/auth/me [32m200[39m in 39ms[2m (next.js: 29ms, application-code: 10ms)[22m
 OPTIONS /api/public/wishes/my [32m200[39m in 45ms[2m (next.js: 40ms, application-code: 5ms)[22m
 GET /api/public/wallet?userId=15 [32m200[39m in 56ms[2m (next.js: 46ms, application-code: 10ms)[22m
 GET /api/public/intro-config [32m200[39m in 67ms[2m (next.js: 58ms, application-code: 9ms)[22m
 GET /api/public/pass/policies [32m200[39m in 75ms[2m (next.js: 68ms, application-code: 7ms)[22m
 GET /api/public/page-configs/home [32m200[39m in 85ms[2m (next.js: 76ms, application-code: 10ms)[22m
 GET /api/public/attendance/status?userId=15 [32m200[39m in 10ms[2m (next.js: 4ms, application-code: 6ms)[22m
 GET /api/public/healing-quotes [32m200[39m in 15ms[2m (next.js: 10ms, application-code: 5ms)[22m
 GET /api/public/wallet?userId=15 [32m200[39m in 37ms[2m (next.js: 24ms, application-code: 13ms)[22m
 GET /api/public/wishes/my [32m200[39m in 48ms[2m (next.js: 11ms, application-code: 38ms)[22m
 GET /api/public/auth/me [32m200[39m in 57ms[2m (next.js: 17ms, application-code: 40ms)[22m
 GET /api/public/pass/policies [32m200[39m in 14ms[2m (next.js: 5ms, application-code: 9ms)[22m
 GET /api/public/pass/status?userId=15 [32m200[39m in 26ms[2m (next.js: 19ms, application-code: 7ms)[22m
 GET /api/public/attendance/status?userId=15 [32m200[39m in 13ms[2m (next.js: 4ms, application-code: 9ms)[22m
 GET /api/public/wallet?userId=15 [32m200[39m in 17ms[2m (next.js: 4ms, application-code: 13ms)[22m
 GET /api/public/grades [32m200[39m in 13ms[2m (next.js: 4ms, application-code: 9ms)[22m
 GET /api/public/pass/status?userId=15 [32m200[39m in 17ms[2m (next.js: 7ms, application-code: 10ms)[22m
 GET /api/public/wallet?userId=15 [32m200[39m in 17ms[2m (next.js: 4ms, application-code: 13ms)[22m
 GET /api/public/wallet?userId=15 [32m200[39m in 17ms[2m (next.js: 4ms, application-code: 13ms)[22m
 GET /api/public/wallet?userId=15 [32m200[39m in 17ms[2m (next.js: 4ms, application-code: 13ms)[22m
 GET /api/public/pass/policies [32m200[39m in 17ms[2m (next.js: 5ms, application-code: 12ms)[22m
 GET /api/public/healing-quotes [32m200[39m in 15ms[2m (next.js: 6ms, application-code: 9ms)[22m
 GET /api/public/page-configs/home [32m200[39m in 31ms[2m (next.js: 17ms, application-code: 15ms)[22m
 GET /api/public/attendance/status?userId=15 [32m200[39m in 40ms[2m (next.js: 33ms, application-code: 7ms)[22m
 GET /api/public/notifications?userId=15&limit=50 [32m200[39m in 14ms[2m (next.js: 8ms, application-code: 6ms)[22m
 GET /api/public/wishes/my [32m200[39m in 20ms[2m (next.js: 4ms, application-code: 17ms)[22m
 GET /api/public/wallet?userId=15 [32m200[39m in 24ms[2m (next.js: 6ms, application-code: 18ms)[22m
 GET /api/public/pass/policies [32m200[39m in 18ms[2m (next.js: 5ms, application-code: 13ms)[22m
 GET /api/public/attendance/status?userId=15 [32m200[39m in 14ms[2m (next.js: 4ms, application-code: 10ms)[22m
 GET /api/public/wallet?userId=15 [32m200[39m in 17ms[2m (next.js: 4ms, application-code: 12ms)[22m
 GET /api/public/pass/status?userId=15 [32m200[39m in 14ms[2m (next.js: 4ms, application-code: 10ms)[22m
 GET /api/public/wallet?userId=15 [32m200[39m in 16ms[2m (next.js: 4ms, application-code: 12ms)[22m
 GET /api/public/wallet?userId=15 [32m200[39m in 19ms[2m (next.js: 5ms, application-code: 14ms)[22m
 GET /api/public/pass/status?userId=15 [32m200[39m in 16ms[2m (next.js: 4ms, application-code: 11ms)[22m
 GET /api/public/wallet?userId=15 [32m200[39m in 13ms[2m (next.js: 3ms, application-code: 9ms)[22m
 GET /api/public/wallet?userId=15 [32m200[39m in 17ms[2m (next.js: 4ms, application-code: 13ms)[22m
 GET /api/public/wishes/my [32m200[39m in 20ms[2m (next.js: 5ms, application-code: 15ms)[22m
 OPTIONS /api/public/wishes/pending-openings [32m200[39m in 8ms[2m (next.js: 3ms, application-code: 5ms)[22m
 GET /api/public/wishes/pending-openings [32m200[39m in 16ms[2m (next.js: 4ms, application-code: 12ms)[22m
 GET /api/public/shop/seals [32m200[39m in 15ms[2m (next.js: 4ms, application-code: 11ms)[22m
 GET /api/public/shop/talismans [32m200[39m in 20ms[2m (next.js: 6ms, application-code: 14ms)[22m
 GET /api/public/shop/candles [32m200[39m in 31ms[2m (next.js: 22ms, application-code: 9ms)[22m
 OPTIONS /api/public/inventory [32m200[39m in 39ms[2m (next.js: 33ms, application-code: 6ms)[22m
 GET /api/public/inventory [32m200[39m in 24ms[2m (next.js: 5ms, application-code: 19ms)[22m
 GET /api/public/shop/seals [32m200[39m in 13ms[2m (next.js: 4ms, application-code: 9ms)[22m
 GET /api/public/shop/candles [32m200[39m in 12ms[2m (next.js: 5ms, application-code: 8ms)[22m
 OPTIONS /api/public/inventory [32m200[39m in 17ms[2m (next.js: 13ms, application-code: 4ms)[22m
 GET /api/public/shop/talismans [32m200[39m in 15ms[2m (next.js: 10ms, application-code: 5ms)[22m
 GET /api/public/inventory [32m200[39m in 12ms[2m (next.js: 2ms, application-code: 10ms)[22m
 GET /api/public/shop/seals [32m200[39m in 9ms[2m (next.js: 2ms, application-code: 7ms)[22m
 GET /api/public/shop/candles [32m200[39m in 11ms[2m (next.js: 7ms, application-code: 4ms)[22m
 GET /api/public/shop/talismans [32m200[39m in 18ms[2m (next.js: 14ms, application-code: 4ms)[22m
 GET /api/public/inventory [32m200[39m in 22ms[2m (next.js: 4ms, application-code: 18ms)[22m
 OPTIONS /api/public/inventory [32m200[39m in 16ms[2m (next.js: 8ms, application-code: 8ms)[22m
 GET /api/public/shop/talismans [32m200[39m in 32ms[2m (next.js: 22ms, application-code: 10ms)[22m
 GET /api/public/shop/candles [32m200[39m in 35ms[2m (next.js: 23ms, application-code: 11ms)[22m
 GET /api/public/shop/seals [32m200[39m in 31ms[2m (next.js: 19ms, application-code: 12ms)[22m
 GET /api/public/inventory [32m200[39m in 21ms[2m (next.js: 4ms, application-code: 17ms)[22m
 GET /api/public/shop/seals [32m200[39m in 21ms[2m (next.js: 5ms, application-code: 16ms)[22m
 GET /api/public/shop/candles [32m200[39m in 22ms[2m (next.js: 8ms, application-code: 14ms)[22m
 GET /api/public/shop/talismans [32m200[39m in 36ms[2m (next.js: 25ms, application-code: 12ms)[22m
 GET /api/public/inventory [32m200[39m in 50ms[2m (next.js: 40ms, application-code: 10ms)[22m
 GET /api/public/shop/seals [32m200[39m in 18ms[2m (next.js: 7ms, application-code: 11ms)[22m
 GET /api/public/shop/talismans [32m200[39m in 18ms[2m (next.js: 7ms, application-code: 10ms)[22m
 GET /api/public/shop/candles [32m200[39m in 38ms[2m (next.js: 29ms, application-code: 9ms)[22m
 GET /api/public/inventory [32m200[39m in 49ms[2m (next.js: 23ms, application-code: 26ms)[22m
 GET /api/public/shop/seals [32m200[39m in 23ms[2m (next.js: 11ms, application-code: 13ms)[22m
 GET /api/public/shop/talismans [32m200[39m in 17ms[2m (next.js: 7ms, application-code: 10ms)[22m
 GET /api/public/shop/candles [32m200[39m in 33ms[2m (next.js: 23ms, application-code: 10ms)[22m
 OPTIONS /api/public/inventory [32m200[39m in 46ms[2m (next.js: 35ms, application-code: 10ms)[22m
 GET /api/public/inventory [32m200[39m in 26ms[2m (next.js: 7ms, application-code: 19ms)[22m
 OPTIONS /api/public/inventory [32m200[39m in 16ms[2m (next.js: 8ms, application-code: 8ms)[22m
 GET /api/public/shop/seals [32m200[39m in 31ms[2m (next.js: 21ms, application-code: 10ms)[22m
 GET /api/public/shop/candles [32m200[39m in 35ms[2m (next.js: 22ms, application-code: 14ms)[22m
 GET /api/public/shop/talismans [32m200[39m in 31ms[2m (next.js: 21ms, application-code: 10ms)[22m
 GET /api/public/inventory [32m200[39m in 17ms[2m (next.js: 4ms, application-code: 13ms)[22m
 OPTIONS /api/public/wishes/my [32m200[39m in 11ms[2m (next.js: 4ms, application-code: 7ms)[22m
 GET /api/public/wishes/my [32m200[39m in 20ms[2m (next.js: 7ms, application-code: 13ms)[22m
 OPTIONS /api/public/wishes/pending-openings [32m200[39m in 13ms[2m (next.js: 6ms, application-code: 8ms)[22m
 GET /api/public/wishes/pending-openings [32m200[39m in 20ms[2m (next.js: 7ms, application-code: 13ms)[22m
 OPTIONS /api/public/gratitude/sealable [32m200[39m in 15ms[2m (next.js: 7ms, application-code: 8ms)[22m
 OPTIONS /api/public/gratitude/received [32m200[39m in 16ms[2m (next.js: 5ms, application-code: 11ms)[22m
 GET /api/public/gratitude/sealable [32m200[39m in 25ms[2m (next.js: 6ms, application-code: 19ms)[22m
 GET /api/public/gratitude/received [32m200[39m in 26ms[2m (next.js: 15ms, application-code: 11ms)[22m
 GET /api/public/shop/seals [32m200[39m in 18ms[2m (next.js: 7ms, application-code: 11ms)[22m
 OPTIONS /api/public/inventory [32m200[39m in 30ms[2m (next.js: 23ms, application-code: 7ms)[22m
 GET /api/public/shop/candles [32m200[39m in 19ms[2m (next.js: 6ms, application-code: 12ms)[22m
 GET /api/public/shop/talismans [32m200[39m in 28ms[2m (next.js: 19ms, application-code: 9ms)[22m
 GET /api/public/inventory [32m200[39m in 17ms[2m (next.js: 4ms, application-code: 13ms)[22m
 OPTIONS /api/public/gratitude/received [32m200[39m in 13ms[2m (next.js: 6ms, application-code: 8ms)[22m
 OPTIONS /api/public/gratitude/sealable [32m200[39m in 24ms[2m (next.js: 17ms, application-code: 6ms)[22m
 GET /api/public/gratitude/received [32m200[39m in 21ms[2m (next.js: 5ms, application-code: 15ms)[22m
 GET /api/public/gratitude/sealable [32m200[39m in 40ms[2m (next.js: 23ms, application-code: 17ms)[22m
 GET /api/public/notifications?userId=15&limit=50 [32m200[39m in 24ms[2m (next.js: 14ms, application-code: 10ms)[22m
 GET /api/public/intro-config [32m200[39m in 40ms[2m (next.js: 26ms, application-code: 14ms)[22m
 GET /api/public/page-configs/home [32m200[39m in 62ms[2m (next.js: 44ms, application-code: 19ms)[22m
 GET /api/public/attendance/status?userId=15 [32m200[39m in 39ms[2m (next.js: 29ms, application-code: 10ms)[22m
 GET /api/public/healing-quotes [32m200[39m in 30ms[2m (next.js: 19ms, application-code: 11ms)[22m
 GET /api/public/wallet?userId=15 [32m200[39m in 35ms[2m (next.js: 21ms, application-code: 14ms)[22m
 OPTIONS /api/public/wishes/my [32m200[39m in 28ms[2m (next.js: 23ms, application-code: 5ms)[22m
 GET /api/public/pass/policies [32m200[39m in 23ms[2m (next.js: 14ms, application-code: 9ms)[22m
 OPTIONS /api/public/auth/me [32m200[39m in 20ms[2m (next.js: 16ms, application-code: 4ms)[22m
 GET /api/public/wallet?userId=15 [32m200[39m in 25ms[2m (next.js: 6ms, application-code: 19ms)[22m
 GET /api/public/attendance/status?userId=15 [32m200[39m in 17ms[2m (next.js: 4ms, application-code: 13ms)[22m
 GET /api/public/pass/policies [32m200[39m in 22ms[2m (next.js: 10ms, application-code: 12ms)[22m
 GET /api/public/pass/status?userId=15 [32m200[39m in 38ms[2m (next.js: 28ms, application-code: 11ms)[22m
 GET /api/public/wishes/my [32m200[39m in 51ms[2m (next.js: 40ms, application-code: 11ms)[22m
 GET /api/public/auth/me [32m200[39m in 64ms[2m (next.js: 49ms, application-code: 14ms)[22m
 GET /api/public/wallet?userId=15 [32m200[39m in 19ms[2m (next.js: 4ms, application-code: 14ms)[22m
 GET /api/public/pass/status?userId=15 [32m200[39m in 21ms[2m (next.js: 5ms, application-code: 16ms)[22m
 GET /api/public/grades [32m200[39m in 32ms[2m (next.js: 23ms, application-code: 9ms)[22m
 GET /api/public/wallet?userId=15 [32m200[39m in 19ms[2m (next.js: 5ms, application-code: 14ms)[22m
 GET /api/public/wallet?userId=15 [32m200[39m in 18ms[2m (next.js: 4ms, application-code: 14ms)[22m
 GET /api/public/wallet?userId=15 [32m200[39m in 19ms[2m (next.js: 4ms, application-code: 15ms)[22m
 GET /api/public/intro-config [32m200[39m in 24ms[2m (next.js: 10ms, application-code: 13ms)[22m
 GET /api/public/pass/policies [32m200[39m in 39ms[2m (next.js: 27ms, application-code: 12ms)[22m
 OPTIONS /api/public/auth/me [32m200[39m in 29ms[2m (next.js: 24ms, application-code: 6ms)[22m
 GET /api/public/notifications?userId=15&limit=50 [32m200[39m in 21ms[2m (next.js: 15ms, application-code: 7ms)[22m
 GET /api/public/page-configs/home [32m200[39m in 27ms[2m (next.js: 15ms, application-code: 12ms)[22m
 GET /api/public/healing-quotes [32m200[39m in 28ms[2m (next.js: 22ms, application-code: 6ms)[22m
 GET /api/public/attendance/status?userId=15 [32m200[39m in 20ms[2m (next.js: 12ms, application-code: 7ms)[22m
 GET /api/public/wallet?userId=15 [32m200[39m in 31ms[2m (next.js: 17ms, application-code: 13ms)[22m
 OPTIONS /api/public/wishes/my [32m200[39m in 11ms[2m (next.js: 4ms, application-code: 7ms)[22m
 GET /api/public/pass/policies [32m200[39m in 21ms[2m (next.js: 4ms, application-code: 16ms)[22m
 GET /api/public/pass/status?userId=15 [32m200[39m in 18ms[2m (next.js: 7ms, application-code: 12ms)[22m
 GET /api/public/wallet?userId=15 [32m200[39m in 27ms[2m (next.js: 13ms, application-code: 15ms)[22m
 GET /api/public/attendance/status?userId=15 [32m200[39m in 29ms[2m (next.js: 18ms, application-code: 11ms)[22m
 GET /api/public/auth/me [32m200[39m in 49ms[2m (next.js: 12ms, application-code: 37ms)[22m
 GET /api/public/wishes/my [32m200[39m in 49ms[2m (next.js: 30ms, application-code: 19ms)[22m
 GET /api/public/pass/status?userId=15 [32m200[39m in 23ms[2m (next.js: 17ms, application-code: 6ms)[22m
 GET /api/public/wallet?userId=15 [32m200[39m in 23ms[2m (next.js: 9ms, application-code: 14ms)[22m
 GET /api/public/grades [32m200[39m in 17ms[2m (next.js: 7ms, application-code: 10ms)[22m
 GET /api/public/wallet?userId=15 [32m200[39m in 18ms[2m (next.js: 4ms, application-code: 14ms)[22m
 GET /api/public/wallet?userId=15 [32m200[39m in 26ms[2m (next.js: 6ms, application-code: 20ms)[22m
 GET /api/public/wallet?userId=15 [32m200[39m in 20ms[2m (next.js: 5ms, application-code: 14ms)[22m
 OPTIONS /api/public/auth/me [32m200[39m in 19ms[2m (next.js: 13ms, application-code: 7ms)[22m
 GET /api/public/page-configs/home [32m200[39m in 42ms[2m (next.js: 22ms, application-code: 20ms)[22m
 GET /api/public/intro-config [32m200[39m in 43ms[2m (next.js: 32ms, application-code: 10ms)[22m
 OPTIONS /api/public/wishes/my [32m200[39m in 29ms[2m (next.js: 24ms, application-code: 5ms)[22m
 GET /api/public/pass/policies [32m200[39m in 25ms[2m (next.js: 14ms, application-code: 11ms)[22m
 GET /api/public/wallet?userId=15 [32m200[39m in 31ms[2m (next.js: 22ms, application-code: 9ms)[22m
 GET /api/public/healing-quotes [32m200[39m in 26ms[2m (next.js: 18ms, application-code: 8ms)[22m
 GET /api/public/notifications?userId=15&limit=50 [32m200[39m in 20ms[2m (next.js: 13ms, application-code: 7ms)[22m
 GET /api/public/attendance/status?userId=15 [32m200[39m in 11ms[2m (next.js: 4ms, application-code: 8ms)[22m
 GET /api/public/auth/me [32m200[39m in 22ms[2m (next.js: 5ms, application-code: 17ms)[22m
 GET /api/public/pass/policies [32m200[39m in 21ms[2m (next.js: 6ms, application-code: 16ms)[22m
 GET /api/public/wishes/my [32m200[39m in 41ms[2m (next.js: 23ms, application-code: 18ms)[22m
 GET /api/public/pass/status?userId=15 [32m200[39m in 16ms[2m (next.js: 5ms, application-code: 11ms)[22m
 GET /api/public/wallet?userId=15 [32m200[39m in 14ms[2m (next.js: 4ms, application-code: 10ms)[22m
 GET /api/public/attendance/status?userId=15 [32m200[39m in 11ms[2m (next.js: 3ms, application-code: 7ms)[22m
 GET /api/public/attendance/status?userId=15 [32m200[39m in 18ms[2m (next.js: 8ms, application-code: 10ms)[22m
 GET /api/public/intro-config [32m200[39m in 33ms[2m (next.js: 23ms, application-code: 10ms)[22m
 GET /api/public/page-configs/home [32m200[39m in 41ms[2m (next.js: 24ms, application-code: 17ms)[22m
 GET /api/public/notifications?userId=15&limit=50 [32m200[39m in 36ms[2m (next.js: 27ms, application-code: 9ms)[22m
 GET /api/public/healing-quotes [32m200[39m in 27ms[2m (next.js: 21ms, application-code: 6ms)[22m
 GET /api/public/pass/policies [32m200[39m in 24ms[2m (next.js: 16ms, application-code: 8ms)[22m
 GET /api/public/wallet?userId=15 [32m200[39m in 26ms[2m (next.js: 18ms, application-code: 8ms)[22m
 OPTIONS /api/public/wishes/my [32m200[39m in 20ms[2m (next.js: 16ms, application-code: 4ms)[22m
 OPTIONS /api/public/auth/me [32m200[39m in 13ms[2m (next.js: 8ms, application-code: 5ms)[22m
 GET /api/public/attendance/status?userId=15 [32m200[39m in 15ms[2m (next.js: 5ms, application-code: 10ms)[22m
 GET /api/public/pass/policies [32m200[39m in 11ms[2m (next.js: 4ms, application-code: 7ms)[22m
 GET /api/public/pass/status?userId=15 [32m200[39m in 11ms[2m (next.js: 3ms, application-code: 8ms)[22m
 GET /api/public/wallet?userId=15 [32m200[39m in 19ms[2m (next.js: 12ms, application-code: 7ms)[22m
 GET /api/public/auth/me [32m200[39m in 16ms[2m (next.js: 2ms, application-code: 14ms)[22m
 GET /api/public/wishes/my [32m200[39m in 19ms[2m (next.js: 4ms, application-code: 15ms)[22m
 GET /api/public/wallet?userId=15 [32m200[39m in 18ms[2m (next.js: 5ms, application-code: 13ms)[22m
 GET /api/public/pass/status?userId=15 [32m200[39m in 16ms[2m (next.js: 4ms, application-code: 12ms)[22m
 GET /api/public/grades [32m200[39m in 17ms[2m (next.js: 7ms, application-code: 10ms)[22m
 GET /api/public/pass/policies [32m200[39m in 21ms[2m (next.js: 8ms, application-code: 13ms)[22m
 GET /api/public/intro-config [32m200[39m in 29ms[2m (next.js: 20ms, application-code: 9ms)[22m
 GET /api/public/page-configs/home [32m200[39m in 40ms[2m (next.js: 24ms, application-code: 16ms)[22m
 GET /api/public/wallet?userId=15 [32m200[39m in 37ms[2m (next.js: 27ms, application-code: 10ms)[22m
 GET /api/public/healing-quotes [32m200[39m in 51ms[2m (next.js: 44ms, application-code: 6ms)[22m
 GET /api/public/notifications?userId=15&limit=50 [32m200[39m in 57ms[2m (next.js: 52ms, application-code: 5ms)[22m
 GET /api/public/attendance/status?userId=15 [32m200[39m in 64ms[2m (next.js: 58ms, application-code: 5ms)[22m
 GET /api/public/wishes/my [32m200[39m in 79ms[2m (next.js: 39ms, application-code: 40ms)[22m
 GET /api/public/auth/me [32m200[39m in 79ms[2m (next.js: 65ms, application-code: 14ms)[22m
 GET /api/public/pass/policies [32m200[39m in 17ms[2m (next.js: 4ms, application-code: 13ms)[22m
 GET /api/public/pass/status?userId=15 [32m200[39m in 16ms[2m (next.js: 4ms, application-code: 12ms)[22m
 GET /api/public/wallet?userId=15 [32m200[39m in 21ms[2m (next.js: 7ms, application-code: 14ms)[22m
 GET /api/public/attendance/status?userId=15 [32m200[39m in 17ms[2m (next.js: 7ms, application-code: 10ms)[22m
 GET /api/public/grades [32m200[39m in 29ms[2m (next.js: 19ms, application-code: 10ms)[22m
 GET /api/public/pass/status?userId=15 [32m200[39m in 39ms[2m (next.js: 31ms, application-code: 8ms)[22m
 GET /api/public/wallet?userId=15 [32m200[39m in 20ms[2m (next.js: 5ms, application-code: 15ms)[22m
 GET /api/public/wallet?userId=15 [32m200[39m in 19ms[2m (next.js: 4ms, application-code: 14ms)[22m
 GET /api/public/wallet?userId=15 [32m200[39m in 11ms[2m (next.js: 3ms, application-code: 8ms)[22m
 GET /api/public/wallet?userId=15 [32m200[39m in 12ms[2m (next.js: 3ms, application-code: 9ms)[22m
 OPTIONS /api/public/auth/me [32m200[39m in 14ms[2m (next.js: 7ms, application-code: 7ms)[22m
 GET /api/public/healing-quotes [32m200[39m in 32ms[2m (next.js: 17ms, application-code: 15ms)[22m
 GET /api/public/page-configs/home [32m200[39m in 84ms[2m (next.js: 30ms, application-code: 54ms)[22m
 GET /api/public/intro-config [32m200[39m in 83ms[2m (next.js: 67ms, application-code: 15ms)[22m
 GET /api/public/attendance/status?userId=15 [32m200[39m in 14ms[2m (next.js: 6ms, application-code: 8ms)[22m
 GET /api/public/wallet?userId=15 [32m200[39m in 36ms[2m (next.js: 15ms, application-code: 21ms)[22m
 OPTIONS /api/public/wishes/my [32m200[39m in 43ms[2m (next.js: 37ms, application-code: 6ms)[22m
 GET /api/public/pass/policies [32m200[39m in 22ms[2m (next.js: 11ms, application-code: 10ms)[22m
 GET /api/public/notifications?userId=15&limit=50 [32m200[39m in 9ms[2m (next.js: 2ms, application-code: 6ms)[22m
 GET /api/public/auth/me [32m200[39m in 17ms[2m (next.js: 2ms, application-code: 15ms)[22m
 GET /api/public/wishes/my [32m200[39m in 34ms[2m (next.js: 6ms, application-code: 28ms)[22m
 GET /api/public/page-configs/home [32m200[39m in 33ms[2m (next.js: 15ms, application-code: 17ms)[22m
 GET /api/public/wallet?userId=15 [32m200[39m in 48ms[2m (next.js: 38ms, application-code: 11ms)[22m
 GET /api/public/notifications?userId=15&limit=50 [32m200[39m in 59ms[2m (next.js: 50ms, application-code: 9ms)[22m
 GET /api/public/pass/policies [32m200[39m in 68ms[2m (next.js: 60ms, application-code: 9ms)[22m
 GET /api/public/healing-quotes [32m200[39m in 79ms[2m (next.js: 73ms, application-code: 6ms)[22m
 GET /api/public/intro-config [32m200[39m in 88ms[2m (next.js: 80ms, application-code: 8ms)[22m
 GET /api/public/auth/me [32m200[39m in 98ms[2m (next.js: 69ms, application-code: 28ms)[22m
 GET /api/public/wallet?userId=15 [32m200[39m in 17ms[2m (next.js: 9ms, application-code: 9ms)[22m
 GET /api/public/attendance/status?userId=15 [32m200[39m in 17ms[2m (next.js: 13ms, application-code: 4ms)[22m
 GET /api/public/wallet?userId=15 [32m200[39m in 16ms[2m (next.js: 4ms, application-code: 11ms)[22m
 GET /api/public/pass/policies [32m200[39m in 17ms[2m (next.js: 4ms, application-code: 13ms)[22m
 GET /api/public/wallet?userId=15 [32m200[39m in 16ms[2m (next.js: 4ms, application-code: 12ms)[22m
 GET /api/public/attendance/status?userId=15 [32m200[39m in 17ms[2m (next.js: 7ms, application-code: 10ms)[22m
 GET /api/public/pass/status?userId=15 [32m200[39m in 31ms[2m (next.js: 19ms, application-code: 12ms)[22m
 GET /api/public/wallet?userId=15 [32m200[39m in 20ms[2m (next.js: 9ms, application-code: 12ms)[22m
 GET /api/public/grades [32m200[39m in 29ms[2m (next.js: 22ms, application-code: 7ms)[22m
 GET /api/public/pass/status?userId=15 [32m200[39m in 17ms[2m (next.js: 5ms, application-code: 12ms)[22m
 GET /api/public/wallet?userId=15 [32m200[39m in 18ms[2m (next.js: 4ms, application-code: 13ms)[22m
 GET /api/public/attendance/status?userId=15 [32m200[39m in 26ms[2m (next.js: 10ms, application-code: 16ms)[22m
 OPTIONS /api/public/wishes/my [32m200[39m in 38ms[2m (next.js: 31ms, application-code: 7ms)[22m
 GET /api/public/notifications?userId=15&limit=50 [32m200[39m in 32ms[2m (next.js: 23ms, application-code: 9ms)[22m
 GET /api/public/intro-config [32m200[39m in 34ms[2m (next.js: 24ms, application-code: 10ms)[22m
 GET /api/public/wallet?userId=15 [32m200[39m in 36ms[2m (next.js: 24ms, application-code: 13ms)[22m
 GET /api/public/healing-quotes [32m200[39m in 34ms[2m (next.js: 27ms, application-code: 7ms)[22m
 GET /api/public/page-configs/home [32m200[39m in 27ms[2m (next.js: 13ms, application-code: 14ms)[22m
 OPTIONS /api/public/auth/me [32m200[39m in 26ms[2m (next.js: 21ms, application-code: 5ms)[22m
 GET /api/public/pass/policies [32m200[39m in 21ms[2m (next.js: 4ms, application-code: 17ms)[22m
 GET /api/public/attendance/status?userId=15 [32m200[39m in 17ms[2m (next.js: 4ms, application-code: 13ms)[22m
 GET /api/public/wishes/my [32m200[39m in 25ms[2m (next.js: 5ms, application-code: 20ms)[22m
 GET /api/public/wallet?userId=15 [32m200[39m in 22ms[2m (next.js: 4ms, application-code: 18ms)[22m
 GET /api/public/pass/policies [32m200[39m in 35ms[2m (next.js: 18ms, application-code: 16ms)[22m
 GET /api/public/auth/me [32m200[39m in 45ms[2m (next.js: 10ms, application-code: 35ms)[22m
 GET /api/public/pass/status?userId=15 [32m200[39m in 18ms[2m (next.js: 5ms, application-code: 13ms)[22m
 GET /api/public/wallet?userId=15 [32m200[39m in 20ms[2m (next.js: 5ms, application-code: 15ms)[22m
 GET /api/public/grades [32m200[39m in 16ms[2m (next.js: 7ms, application-code: 10ms)[22m
 GET /api/public/pass/status?userId=15 [32m200[39m in 30ms[2m (next.js: 17ms, application-code: 14ms)[22m
 GET /api/public/wallet?userId=15 [32m200[39m in 17ms[2m (next.js: 4ms, application-code: 13ms)[22m
 GET /api/public/wallet?userId=15 [32m200[39m in 24ms[2m (next.js: 6ms, application-code: 18ms)[22m
 GET /api/public/wallet?userId=15 [32m200[39m in 26ms[2m (next.js: 6ms, application-code: 20ms)[22m
 GET /api/public/page-configs/home [32m200[39m in 26ms[2m (next.js: 8ms, application-code: 17ms)[22m
 OPTIONS /api/public/auth/me [32m200[39m in 37ms[2m (next.js: 29ms, application-code: 7ms)[22m
 GET /api/public/healing-quotes [32m200[39m in 28ms[2m (next.js: 19ms, application-code: 9ms)[22m
 OPTIONS /api/public/wishes/my [32m200[39m in 25ms[2m (next.js: 20ms, application-code: 5ms)[22m
 GET /api/public/pass/policies [32m200[39m in 27ms[2m (next.js: 14ms, application-code: 14ms)[22m
 GET /api/public/intro-config [32m200[39m in 29ms[2m (next.js: 22ms, application-code: 8ms)[22m
 GET /api/public/wallet?userId=15 [32m200[39m in 31ms[2m (next.js: 15ms, application-code: 16ms)[22m
 GET /api/public/notifications?userId=15&limit=50 [32m200[39m in 29ms[2m (next.js: 22ms, application-code: 7ms)[22m
 GET /api/public/attendance/status?userId=15 [32m200[39m in 18ms[2m (next.js: 4ms, application-code: 14ms)[22m
 GET /api/public/pass/policies [32m200[39m in 25ms[2m (next.js: 6ms, application-code: 19ms)[22m
 GET /api/public/auth/me [32m200[39m in 22ms[2m (next.js: 5ms, application-code: 17ms)[22m
 GET /api/public/wishes/my [32m200[39m in 40ms[2m (next.js: 24ms, application-code: 16ms)[22m
 GET /api/public/wallet?userId=15 [32m200[39m in 18ms[2m (next.js: 5ms, application-code: 13ms)[22m
 GET /api/public/pass/status?userId=15 [32m200[39m in 30ms[2m (next.js: 19ms, application-code: 11ms)[22m
 GET /api/public/attendance/status?userId=15 [32m200[39m in 11ms[2m (next.js: 3ms, application-code: 8ms)[22m
 GET /api/public/grades [32m200[39m in 15ms[2m (next.js: 4ms, application-code: 11ms)[22m
 GET /api/public/wallet?userId=15 [32m200[39m in 20ms[2m (next.js: 5ms, application-code: 15ms)[22m
 GET /api/public/pass/status?userId=15 [32m200[39m in 15ms[2m (next.js: 4ms, application-code: 11ms)[22m
 GET /api/public/wallet?userId=15 [32m200[39m in 21ms[2m (next.js: 4ms, application-code: 16ms)[22m
 GET /api/public/wallet?userId=15 [32m200[39m in 20ms[2m (next.js: 4ms, application-code: 16ms)[22m
 GET /api/public/pass/policies [32m200[39m in 19ms[2m (next.js: 6ms, application-code: 14ms)[22m
 GET /api/public/wallet?userId=15 [32m200[39m in 34ms[2m (next.js: 15ms, application-code: 19ms)[22m
 GET /api/public/healing-quotes [32m200[39m in 48ms[2m (next.js: 37ms, application-code: 11ms)[22m
 GET /api/public/attendance/status?userId=15 [32m200[39m in 62ms[2m (next.js: 49ms, application-code: 13ms)[22m
 GET /api/public/intro-config [32m200[39m in 74ms[2m (next.js: 64ms, application-code: 10ms)[22m
 GET /api/public/notifications?userId=15&limit=50 [32m200[39m in 86ms[2m (next.js: 76ms, application-code: 9ms)[22m
 GET /api/public/wallet?userId=15 [32m200[39m in 34ms[2m (next.js: 21ms, application-code: 13ms)[22m
 OPTIONS /api/public/wishes/my [32m200[39m in 28ms[2m (next.js: 23ms, application-code: 5ms)[22m
 GET /api/public/page-configs/home [32m200[39m in 29ms[2m (next.js: 13ms, application-code: 16ms)[22m
 OPTIONS /api/public/auth/me [32m200[39m in 26ms[2m (next.js: 22ms, application-code: 5ms)[22m
 GET /api/public/wallet?userId=15 [32m200[39m in 17ms[2m (next.js: 4ms, application-code: 13ms)[22m
 GET /api/public/pass/policies [32m200[39m in 18ms[2m (next.js: 4ms, application-code: 14ms)[22m
 GET /api/public/pass/status?userId=15 [32m200[39m in 15ms[2m (next.js: 5ms, application-code: 11ms)[22m
 GET /api/public/attendance/status?userId=15 [32m200[39m in 17ms[2m (next.js: 5ms, application-code: 12ms)[22m
 GET /api/public/wallet?userId=15 [32m200[39m in 38ms[2m (next.js: 22ms, application-code: 16ms)[22m
 GET /api/public/auth/me [32m200[39m in 50ms[2m (next.js: 7ms, application-code: 42ms)[22m
 GET /api/public/wishes/my [32m200[39m in 55ms[2m (next.js: 14ms, application-code: 41ms)[22m
 GET /api/public/pass/status?userId=15 [32m200[39m in 17ms[2m (next.js: 5ms, application-code: 12ms)[22m
 GET /api/public/wallet?userId=15 [32m200[39m in 13ms[2m (next.js: 3ms, application-code: 10ms)[22m
 GET /api/public/grades [32m200[39m in 14ms[2m (next.js: 4ms, application-code: 10ms)[22m
 GET /api/public/wallet?userId=15 [32m200[39m in 20ms[2m (next.js: 6ms, application-code: 14ms)[22m
 OPTIONS /api/public/auth/me [32m200[39m in 14ms[2m (next.js: 6ms, application-code: 8ms)[22m
 OPTIONS /api/public/wishes/my [32m200[39m in 20ms[2m (next.js: 14ms, application-code: 6ms)[22m
 GET /api/public/attendance/status?userId=15 [32m200[39m in 32ms[2m (next.js: 16ms, application-code: 16ms)[22m
 GET /api/public/auth/me [32m200[39m in 45ms[2m (next.js: 9ms, application-code: 36ms)[22m
 GET /api/public/notifications?userId=15&limit=50 [32m200[39m in 30ms[2m (next.js: 16ms, application-code: 14ms)[22m
 GET /api/public/wishes/my [32m200[39m in 39ms[2m (next.js: 25ms, application-code: 14ms)[22m
 GET /api/public/pass/policies [32m200[39m in 32ms[2m (next.js: 22ms, application-code: 10ms)[22m
 GET /api/public/page-configs/home [32m200[39m in 53ms[2m (next.js: 28ms, application-code: 25ms)[22m
 GET /api/public/wallet?userId=15 [32m200[39m in 63ms[2m (next.js: 40ms, application-code: 23ms)[22m
 GET /api/public/healing-quotes [32m200[39m in 43ms[2m (next.js: 34ms, application-code: 9ms)[22m
 GET /api/public/intro-config [32m200[39m in 22ms[2m (next.js: 15ms, application-code: 7ms)[22m
 GET /api/public/attendance/status?userId=15 [32m200[39m in 9ms[2m (next.js: 3ms, application-code: 6ms)[22m
 GET /api/public/grades [32m200[39m in 8ms[2m (next.js: 2ms, application-code: 6ms)[22m
 GET /api/public/wallet?userId=15 [32m200[39m in 22ms[2m (next.js: 4ms, application-code: 17ms)[22m
 GET /api/public/pass/policies [32m200[39m in 22ms[2m (next.js: 8ms, application-code: 13ms)[22m
 GET /api/public/pass/status?userId=15 [32m200[39m in 36ms[2m (next.js: 23ms, application-code: 12ms)[22m
 GET /api/public/wallet?userId=15 [32m200[39m in 12ms[2m (next.js: 2ms, application-code: 9ms)[22m
 GET /api/public/pass/status?userId=15 [32m200[39m in 10ms[2m (next.js: 4ms, application-code: 6ms)[22m
 GET /api/public/wallet?userId=15 [32m200[39m in 18ms[2m (next.js: 4ms, application-code: 14ms)[22m
 GET /api/public/wallet?userId=15 [32m200[39m in 20ms[2m (next.js: 4ms, application-code: 16ms)[22m
 GET /api/public/wallet?userId=15 [32m200[39m in 22ms[2m (next.js: 6ms, application-code: 16ms)[22m
 GET /api/public/page-configs/home [32m200[39m in 17ms[2m (next.js: 4ms, application-code: 13ms)[22m
 OPTIONS /api/public/wishes/my [32m200[39m in 30ms[2m (next.js: 20ms, application-code: 10ms)[22m
 GET /api/public/attendance/status?userId=15 [32m200[39m in 43ms[2m (next.js: 35ms, application-code: 9ms)[22m
 GET /api/public/healing-quotes [32m200[39m in 31ms[2m (next.js: 23ms, application-code: 8ms)[22m
 GET /api/public/intro-config [32m200[39m in 27ms[2m (next.js: 18ms, application-code: 10ms)[22m
 GET /api/public/notifications?userId=15&limit=50 [32m200[39m in 27ms[2m (next.js: 18ms, application-code: 10ms)[22m
 OPTIONS /api/public/auth/me [32m200[39m in 22ms[2m (next.js: 16ms, application-code: 6ms)[22m
 GET /api/public/wallet?userId=15 [32m200[39m in 21ms[2m (next.js: 11ms, application-code: 10ms)[22m
 GET /api/public/pass/policies [32m200[39m in 20ms[2m (next.js: 7ms, application-code: 13ms)[22m
 GET /api/public/wallet?userId=15 [32m200[39m in 25ms[2m (next.js: 9ms, application-code: 16ms)[22m
 GET /api/public/attendance/status?userId=15 [32m200[39m in 20ms[2m (next.js: 8ms, application-code: 12ms)[22m
 GET /api/public/wishes/my [32m200[39m in 47ms[2m (next.js: 22ms, application-code: 26ms)[22m
 GET /api/public/auth/me [32m200[39m in 56ms[2m (next.js: 29ms, application-code: 26ms)[22m
 GET /api/public/pass/policies [32m200[39m in 30ms[2m (next.js: 21ms, application-code: 9ms)[22m
 GET /api/public/pass/status?userId=15 [32m200[39m in 15ms[2m (next.js: 4ms, application-code: 11ms)[22m
 GET /api/public/wallet?userId=15 [32m200[39m in 16ms[2m (next.js: 4ms, application-code: 12ms)[22m
 GET /api/public/grades [32m200[39m in 13ms[2m (next.js: 4ms, application-code: 9ms)[22m
 GET /api/public/pass/status?userId=15 [32m200[39m in 18ms[2m (next.js: 4ms, application-code: 13ms)[22m
 GET /api/public/wallet?userId=15 [32m200[39m in 17ms[2m (next.js: 4ms, application-code: 13ms)[22m
 GET /api/public/wallet?userId=15 [32m200[39m in 16ms[2m (next.js: 4ms, application-code: 12ms)[22m
 GET /api/public/wallet?userId=15 [32m200[39m in 16ms[2m (next.js: 4ms, application-code: 13ms)[22m
 OPTIONS /api/public/auth/me [32m200[39m in 17ms[2m (next.js: 10ms, application-code: 7ms)[22m
 GET /api/public/healing-quotes [32m200[39m in 27ms[2m (next.js: 18ms, application-code: 9ms)[22m
 GET /api/public/pass/policies [32m200[39m in 43ms[2m (next.js: 32ms, application-code: 12ms)[22m
 GET /api/public/attendance/status?userId=15 [32m200[39m in 30ms[2m (next.js: 22ms, application-code: 8ms)[22m
 GET /api/public/notifications?userId=15&limit=50 [32m200[39m in 32ms[2m (next.js: 21ms, application-code: 11ms)[22m
 GET /api/public/page-configs/home [32m200[39m in 35ms[2m (next.js: 21ms, application-code: 14ms)[22m
 GET /api/public/wallet?userId=15 [32m200[39m in 32ms[2m (next.js: 21ms, application-code: 11ms)[22m
 OPTIONS /api/public/wishes/my [32m200[39m in 20ms[2m (next.js: 16ms, application-code: 5ms)[22m
 GET /api/public/intro-config [32m200[39m in 14ms[2m (next.js: 4ms, application-code: 10ms)[22m
 GET /api/public/auth/me [32m200[39m in 22ms[2m (next.js: 6ms, application-code: 15ms)[22m
 GET /api/public/pass/policies [32m200[39m in 15ms[2m (next.js: 4ms, application-code: 11ms)[22m
 GET /api/public/attendance/status?userId=15 [32m200[39m in 14ms[2m (next.js: 5ms, application-code: 9ms)[22m
 GET /api/public/pass/status?userId=15 [32m200[39m in 14ms[2m (next.js: 4ms, application-code: 11ms)[22m
 GET /api/public/wallet?userId=15 [32m200[39m in 17ms[2m (next.js: 4ms, application-code: 13ms)[22m
 GET /api/public/wishes/my [32m200[39m in 18ms[2m (next.js: 4ms, application-code: 14ms)[22m
 GET /api/public/grades [32m200[39m in 13ms[2m (next.js: 4ms, application-code: 9ms)[22m
 GET /api/public/pass/status?userId=15 [32m200[39m in 18ms[2m (next.js: 4ms, application-code: 14ms)[22m
 GET /api/public/wallet?userId=15 [32m200[39m in 18ms[2m (next.js: 5ms, application-code: 14ms)[22m
 GET /api/public/wallet?userId=15 [32m200[39m in 21ms[2m (next.js: 7ms, application-code: 13ms)[22m
 GET /api/public/wallet?userId=15 [32m200[39m in 17ms[2m (next.js: 4ms, application-code: 13ms)[22m
 GET /api/public/wallet?userId=15 [32m200[39m in 17ms[2m (next.js: 4ms, application-code: 13ms)[22m
 GET /api/public/pass/policies [32m200[39m in 22ms[2m (next.js: 4ms, application-code: 17ms)[22m
 GET /api/public/healing-quotes [32m200[39m in 20ms[2m (next.js: 10ms, application-code: 9ms)[22m
 GET /api/public/attendance/status?userId=15 [32m200[39m in 31ms[2m (next.js: 22ms, application-code: 9ms)[22m
 GET /api/public/page-configs/home [32m200[39m in 44ms[2m (next.js: 32ms, application-code: 12ms)[22m
 GET /api/public/notifications?userId=15&limit=50 [32m200[39m in 52ms[2m (next.js: 45ms, application-code: 6ms)[22m
 GET /api/public/wallet?userId=15 [32m200[39m in 72ms[2m (next.js: 60ms, application-code: 12ms)[22m
 GET /api/public/wishes/my [32m200[39m in 78ms[2m (next.js: 52ms, application-code: 26ms)[22m
 GET /api/public/pass/policies [32m200[39m in 19ms[2m (next.js: 4ms, application-code: 15ms)[22m
 GET /api/public/attendance/status?userId=15 [32m200[39m in 15ms[2m (next.js: 5ms, application-code: 10ms)[22m
 GET /api/public/wallet?userId=15 [32m200[39m in 24ms[2m (next.js: 5ms, application-code: 19ms)[22m
 GET /api/public/wallet?userId=15 [32m200[39m in 17ms[2m (next.js: 4ms, application-code: 13ms)[22m
 GET /api/public/pass/status?userId=15 [32m200[39m in 15ms[2m (next.js: 4ms, application-code: 11ms)[22m
 GET /api/public/wallet?userId=15 [32m200[39m in 19ms[2m (next.js: 5ms, application-code: 14ms)[22m
 GET /api/public/pass/status?userId=15 [32m200[39m in 31ms[2m (next.js: 20ms, application-code: 11ms)[22m
 GET /api/public/wallet?userId=15 [32m200[39m in 23ms[2m (next.js: 7ms, application-code: 16ms)[22m
 GET /api/public/wallet?userId=15 [32m200[39m in 19ms[2m (next.js: 6ms, application-code: 13ms)[22m
 GET /api/public/intro-config [32m200[39m in 22ms[2m (next.js: 12ms, application-code: 10ms)[22m
 GET /api/public/pass/policies [32m200[39m in 38ms[2m (next.js: 24ms, application-code: 14ms)[22m
 GET /api/public/healing-quotes [32m200[39m in 48ms[2m (next.js: 40ms, application-code: 8ms)[22m
 GET /api/public/page-configs/home [32m200[39m in 62ms[2m (next.js: 49ms, application-code: 13ms)[22m
 GET /api/public/notifications?userId=15&limit=50 [32m200[39m in 14ms[2m (next.js: 8ms, application-code: 6ms)[22m
 OPTIONS /api/public/wishes/my [32m200[39m in 18ms[2m (next.js: 15ms, application-code: 4ms)[22m
 GET /api/public/attendance/status?userId=15 [32m200[39m in 25ms[2m (next.js: 19ms, application-code: 6ms)[22m
 OPTIONS /api/public/auth/me [32m200[39m in 28ms[2m (next.js: 24ms, application-code: 3ms)[22m
 GET /api/public/wallet?userId=15 [32m200[39m in 17ms[2m (next.js: 11ms, application-code: 6ms)[22m
 GET /api/public/pass/policies [32m200[39m in 17ms[2m (next.js: 4ms, application-code: 13ms)[22m
 GET /api/public/pass/status?userId=15 [32m200[39m in 7ms[2m (next.js: 2ms, application-code: 5ms)[22m
 GET /api/public/wallet?userId=15 [32m200[39m in 19ms[2m (next.js: 6ms, application-code: 14ms)[22m
 GET /api/public/attendance/status?userId=15 [32m200[39m in 30ms[2m (next.js: 21ms, application-code: 9ms)[22m
 GET /api/public/wishes/my [32m200[39m in 25ms[2m (next.js: 5ms, application-code: 19ms)[22m
 GET /api/public/auth/me [32m200[39m in 30ms[2m (next.js: 12ms, application-code: 18ms)[22m
 GET /api/public/pass/status?userId=15 [32m200[39m in 14ms[2m (next.js: 4ms, application-code: 10ms)[22m
 GET /api/public/wallet?userId=15 [32m200[39m in 17ms[2m (next.js: 4ms, application-code: 14ms)[22m
 GET /api/public/grades [32m200[39m in 13ms[2m (next.js: 4ms, application-code: 9ms)[22m
 GET /api/public/wallet?userId=15 [32m200[39m in 18ms[2m (next.js: 5ms, application-code: 13ms)[22m
 GET /api/public/wallet?userId=15 [32m200[39m in 16ms[2m (next.js: 4ms, application-code: 12ms)[22m
 GET /api/public/wallet?userId=15 [32m200[39m in 11ms[2m (next.js: 3ms, application-code: 8ms)[22m
 GET /api/public/pass/policies [32m200[39m in 10ms[2m (next.js: 2ms, application-code: 8ms)[22m
 GET /api/public/healing-quotes [32m200[39m in 10ms[2m (next.js: 5ms, application-code: 5ms)[22m
 GET /api/public/notifications?userId=15&limit=50 [32m200[39m in 16ms[2m (next.js: 11ms, application-code: 5ms)[22m
 GET /api/public/page-configs/home [32m200[39m in 31ms[2m (next.js: 22ms, application-code: 10ms)[22m
 GET /api/public/attendance/status?userId=15 [32m200[39m in 37ms[2m (next.js: 32ms, application-code: 5ms)[22m
 GET /api/public/wishes/my [32m200[39m in 42ms[2m (next.js: 18ms, application-code: 24ms)[22m
 GET /api/public/wallet?userId=15 [32m200[39m in 9ms[2m (next.js: 2ms, application-code: 6ms)[22m
 GET /api/public/pass/policies [32m200[39m in 17ms[2m (next.js: 4ms, application-code: 13ms)[22m
 GET /api/public/attendance/status?userId=15 [32m200[39m in 11ms[2m (next.js: 4ms, application-code: 8ms)[22m
 GET /api/public/wallet?userId=15 [32m200[39m in 14ms[2m (next.js: 3ms, application-code: 11ms)[22m
 GET /api/public/wallet?userId=15 [32m200[39m in 10ms[2m (next.js: 3ms, application-code: 8ms)[22m
 GET /api/public/pass/status?userId=15 [32m200[39m in 15ms[2m (next.js: 5ms, application-code: 10ms)[22m
 GET /api/public/wallet?userId=15 [32m200[39m in 19ms[2m (next.js: 6ms, application-code: 12ms)[22m
 GET /api/public/pass/status?userId=15 [32m200[39m in 15ms[2m (next.js: 4ms, application-code: 11ms)[22m
 GET /api/public/wallet?userId=15 [32m200[39m in 18ms[2m (next.js: 4ms, application-code: 13ms)[22m
 GET /api/public/wallet?userId=15 [32m200[39m in 26ms[2m (next.js: 5ms, application-code: 20ms)[22m
 GET /api/public/wishes/my [32m200[39m in 19ms[2m (next.js: 5ms, application-code: 14ms)[22m
 OPTIONS /api/public/wishes/pending-openings [32m200[39m in 12ms[2m (next.js: 5ms, application-code: 7ms)[22m
 GET /api/public/wishes/pending-openings [32m200[39m in 18ms[2m (next.js: 4ms, application-code: 13ms)[22m
 GET /api/public/shop/candles [32m200[39m in 23ms[2m (next.js: 10ms, application-code: 13ms)[22m
 OPTIONS /api/public/inventory [32m200[39m in 34ms[2m (next.js: 26ms, application-code: 9ms)[22m
 GET /api/public/shop/talismans [32m200[39m in 46ms[2m (next.js: 36ms, application-code: 11ms)[22m
 GET /api/public/shop/seals [32m200[39m in 57ms[2m (next.js: 48ms, application-code: 9ms)[22m
 GET /api/public/inventory [32m200[39m in 19ms[2m (next.js: 5ms, application-code: 14ms)[22m
 GET /api/public/pass/policies [32m200[39m in 28ms[2m (next.js: 6ms, application-code: 22ms)[22m
 GET /api/public/attendance/status?userId=15 [32m200[39m in 22ms[2m (next.js: 10ms, application-code: 12ms)[22m
 GET /api/public/wallet?userId=15 [32m200[39m in 39ms[2m (next.js: 24ms, application-code: 15ms)[22m
 GET /api/public/healing-quotes [32m200[39m in 36ms[2m (next.js: 24ms, application-code: 12ms)[22m
 GET /api/public/notifications?userId=15&limit=50 [32m200[39m in 33ms[2m (next.js: 23ms, application-code: 11ms)[22m
 OPTIONS /api/public/wishes/my [32m200[39m in 27ms[2m (next.js: 22ms, application-code: 5ms)[22m
 OPTIONS /api/public/auth/me [32m200[39m in 19ms[2m (next.js: 15ms, application-code: 4ms)[22m
 GET /api/public/page-configs/home [32m200[39m in 25ms[2m (next.js: 11ms, application-code: 14ms)[22m
 GET /api/public/intro-config [32m200[39m in 28ms[2m (next.js: 22ms, application-code: 6ms)[22m
 GET /api/public/pass/policies [32m200[39m in 20ms[2m (next.js: 4ms, application-code: 16ms)[22m
 GET /api/public/pass/status?userId=15 [32m200[39m in 17ms[2m (next.js: 6ms, application-code: 11ms)[22m
 GET /api/public/attendance/status?userId=15 [32m200[39m in 16ms[2m (next.js: 6ms, application-code: 10ms)[22m
 GET /api/public/pass/policies [32m200[39m in 22ms[2m (next.js: 7ms, application-code: 15ms)[22m
 GET /api/public/healing-quotes [32m200[39m in 17ms[2m (next.js: 8ms, application-code: 9ms)[22m
 GET /api/public/page-configs/home [32m200[39m in 34ms[2m (next.js: 18ms, application-code: 16ms)[22m
 GET /api/public/intro-config [32m200[39m in 23ms[2m (next.js: 14ms, application-code: 8ms)[22m
 GET /api/public/attendance/status?userId=15 [32m200[39m in 36ms[2m (next.js: 29ms, application-code: 7ms)[22m
 GET /api/public/notifications?userId=15&limit=50 [32m200[39m in 43ms[2m (next.js: 38ms, application-code: 6ms)[22m
 GET /api/public/wallet?userId=15 [32m200[39m in 52ms[2m (next.js: 44ms, application-code: 8ms)[22m
 GET /api/public/wishes/my [32m200[39m in 67ms[2m (next.js: 21ms, application-code: 47ms)[22m
 GET /api/public/auth/me [32m200[39m in 66ms[2m (next.js: 53ms, application-code: 13ms)[22m
 GET /api/public/pass/policies [32m200[39m in 18ms[2m (next.js: 4ms, application-code: 14ms)[22m
 GET /api/public/pass/status?userId=15 [32m200[39m in 16ms[2m (next.js: 4ms, application-code: 12ms)[22m
 GET /api/public/wallet?userId=15 [32m200[39m in 21ms[2m (next.js: 4ms, application-code: 16ms)[22m
 GET /api/public/attendance/status?userId=15 [32m200[39m in 16ms[2m (next.js: 7ms, application-code: 10ms)[22m
 GET /api/public/grades [32m200[39m in 14ms[2m (next.js: 5ms, application-code: 8ms)[22m
 GET /api/public/pass/status?userId=15 [32m200[39m in 24ms[2m (next.js: 15ms, application-code: 9ms)[22m
 GET /api/public/wallet?userId=15 [32m200[39m in 18ms[2m (next.js: 5ms, application-code: 14ms)[22m
 GET /api/public/wallet?userId=15 [32m200[39m in 18ms[2m (next.js: 5ms, application-code: 13ms)[22m
 GET /api/public/wallet?userId=15 [32m200[39m in 17ms[2m (next.js: 4ms, application-code: 13ms)[22m
 GET /api/public/wallet?userId=15 [32m200[39m in 18ms[2m (next.js: 4ms, application-code: 14ms)[22m
 GET /api/public/attendance/status?userId=15 [32m200[39m in 24ms[2m (next.js: 15ms, application-code: 10ms)[22m
 GET /api/public/page-configs/home [32m200[39m in 47ms[2m (next.js: 26ms, application-code: 21ms)[22m
 GET /api/public/pass/policies [32m200[39m in 58ms[2m (next.js: 46ms, application-code: 13ms)[22m
 OPTIONS /api/public/auth/me [32m200[39m in 30ms[2m (next.js: 24ms, application-code: 5ms)[22m
 GET /api/public/healing-quotes [32m200[39m in 26ms[2m (next.js: 16ms, application-code: 10ms)[22m
 GET /api/public/intro-config [32m200[39m in 27ms[2m (next.js: 20ms, application-code: 7ms)[22m
 GET /api/public/wallet?userId=15 [32m200[39m in 25ms[2m (next.js: 16ms, application-code: 9ms)[22m
 GET /api/public/notifications?userId=15&limit=50 [32m200[39m in 23ms[2m (next.js: 17ms, application-code: 6ms)[22m
 OPTIONS /api/public/wishes/my [32m200[39m in 15ms[2m (next.js: 8ms, application-code: 6ms)[22m
 GET /api/public/attendance/status?userId=15 [32m200[39m in 17ms[2m (next.js: 4ms, application-code: 13ms)[22m
 GET /api/public/pass/policies [32m200[39m in 22ms[2m (next.js: 6ms, application-code: 16ms)[22m
 GET /api/public/auth/me [32m200[39m in 40ms[2m (next.js: 24ms, application-code: 17ms)[22m
 GET /api/public/pass/status?userId=15 [32m200[39m in 15ms[2m (next.js: 4ms, application-code: 11ms)[22m
 GET /api/public/wallet?userId=15 [32m200[39m in 19ms[2m (next.js: 6ms, application-code: 13ms)[22m
 GET /api/public/wishes/my [32m200[39m in 36ms[2m (next.js: 24ms, application-code: 13ms)[22m
 GET /api/public/pass/policies [32m200[39m in 19ms[2m (next.js: 4ms, application-code: 14ms)[22m
 GET /api/public/healing-quotes [32m200[39m in 27ms[2m (next.js: 18ms, application-code: 9ms)[22m
 GET /api/public/notifications?userId=15&limit=50 [32m200[39m in 37ms[2m (next.js: 29ms, application-code: 8ms)[22m
 GET /api/public/intro-config [32m200[39m in 51ms[2m (next.js: 39ms, application-code: 12ms)[22m
 GET /api/public/page-configs/home [32m200[39m in 71ms[2m (next.js: 58ms, application-code: 13ms)[22m
 GET /api/public/attendance/status?userId=15 [32m200[39m in 82ms[2m (next.js: 72ms, application-code: 10ms)[22m
 GET /api/public/wishes/my [32m200[39m in 96ms[2m (next.js: 52ms, application-code: 44ms)[22m
 GET /api/public/auth/me [32m200[39m in 97ms[2m (next.js: 83ms, application-code: 15ms)[22m
 GET /api/public/wallet?userId=15 [32m200[39m in 102ms[2m (next.js: 93ms, application-code: 8ms)[22m
 GET /api/public/wallet?userId=15 [32m200[39m in 31ms[2m (next.js: 24ms, application-code: 8ms)[22m
 GET /api/public/wallet?userId=15 [32m200[39m in 19ms[2m (next.js: 5ms, application-code: 14ms)[22m
 GET /api/public/pass/policies [32m200[39m in 17ms[2m (next.js: 5ms, application-code: 13ms)[22m
 GET /api/public/pass/status?userId=15 [32m200[39m in 30ms[2m (next.js: 20ms, application-code: 10ms)[22m
 GET /api/public/attendance/status?userId=15 [32m200[39m in 15ms[2m (next.js: 5ms, application-code: 10ms)[22m
 GET /api/public/grades [32m200[39m in 15ms[2m (next.js: 6ms, application-code: 9ms)[22m
 GET /api/public/wallet?userId=15 [32m200[39m in 38ms[2m (next.js: 18ms, application-code: 21ms)[22m
 GET /api/public/wallet?userId=15 [32m200[39m in 17ms[2m (next.js: 4ms, application-code: 13ms)[22m
 GET /api/public/pass/status?userId=15 [32m200[39m in 13ms[2m (next.js: 3ms, application-code: 9ms)[22m
 GET /api/public/wallet?userId=15 [32m200[39m in 19ms[2m (next.js: 5ms, application-code: 14ms)[22m
 GET /api/public/intro-config [32m200[39m in 23ms[2m (next.js: 11ms, application-code: 12ms)[22m
 GET /api/public/page-configs/home [32m200[39m in 40ms[2m (next.js: 25ms, application-code: 15ms)[22m
 OPTIONS /api/public/wishes/my [32m200[39m in 49ms[2m (next.js: 43ms, application-code: 6ms)[22m
 GET /api/public/healing-quotes [32m200[39m in 21ms[2m (next.js: 14ms, application-code: 7ms)[22m
 GET /api/public/wallet?userId=15 [32m200[39m in 23ms[2m (next.js: 15ms, application-code: 8ms)[22m
 OPTIONS /api/public/auth/me [32m200[39m in 19ms[2m (next.js: 15ms, application-code: 4ms)[22m
 GET /api/public/pass/policies [32m200[39m in 17ms[2m (next.js: 9ms, application-code: 8ms)[22m
 GET /api/public/notifications?userId=15&limit=50 [32m200[39m in 19ms[2m (next.js: 13ms, application-code: 6ms)[22m
 GET /api/public/attendance/status?userId=15 [32m200[39m in 15ms[2m (next.js: 4ms, application-code: 11ms)[22m
 GET /api/public/wallet?userId=15 [32m200[39m in 20ms[2m (next.js: 5ms, application-code: 15ms)[22m
 GET /api/public/pass/policies [32m200[39m in 26ms[2m (next.js: 15ms, application-code: 11ms)[22m
 GET /api/public/attendance/status?userId=15 [32m200[39m in 35ms[2m (next.js: 28ms, application-code: 7ms)[22m
 GET /api/public/pass/status?userId=15 [32m200[39m in 62ms[2m (next.js: 51ms, application-code: 11ms)[22m
 GET /api/public/wishes/my [32m200[39m in 77ms[2m (next.js: 9ms, application-code: 68ms)[22m
 GET /api/public/auth/me [32m200[39m in 87ms[2m (next.js: 37ms, application-code: 50ms)[22m
 GET /api/public/wallet?userId=15 [32m200[39m in 19ms[2m (next.js: 6ms, application-code: 14ms)[22m
 GET /api/public/pass/status?userId=15 [32m200[39m in 18ms[2m (next.js: 5ms, application-code: 13ms)[22m
 GET /api/public/grades [32m200[39m in 13ms[2m (next.js: 4ms, application-code: 9ms)[22m
 GET /api/public/wallet?userId=15 [32m200[39m in 18ms[2m (next.js: 4ms, application-code: 14ms)[22m
 GET /api/public/wallet?userId=15 [32m200[39m in 20ms[2m (next.js: 5ms, application-code: 15ms)[22m
 GET /api/public/wallet?userId=15 [32m200[39m in 21ms[2m (next.js: 4ms, application-code: 17ms)[22m
 GET /api/public/healing-quotes [32m200[39m in 267ms[2m (next.js: 163ms, application-code: 103ms)[22m
 GET /api/public/pass/policies [32m200[39m in 433ms[2m (next.js: 408ms, application-code: 25ms)[22m
 GET /api/public/wallet?userId=15 [32m200[39m in 363ms[2m (next.js: 345ms, application-code: 18ms)[22m
 GET /api/public/attendance/status?userId=15 [32m200[39m in 270ms[2m (next.js: 251ms, application-code: 19ms)[22m
 OPTIONS /api/public/wishes/my [32m200[39m in 55ms[2m (next.js: 37ms, application-code: 18ms)[22m
 GET /api/public/notifications?userId=15&limit=50 [32m200[39m in 60ms[2m (next.js: 43ms, application-code: 17ms)[22m
 GET /api/public/page-configs/home [32m200[39m in 50ms[2m (next.js: 31ms, application-code: 19ms)[22m
 GET /api/public/pass/status?userId=15 [32m200[39m in 24ms[2m (next.js: 9ms, application-code: 15ms)[22m
 GET /api/public/pass/policies [32m200[39m in 57ms[2m (next.js: 36ms, application-code: 21ms)[22m
 GET /api/public/wallet?userId=15 [32m200[39m in 27ms[2m (next.js: 7ms, application-code: 20ms)[22m
 GET /api/public/attendance/status?userId=15 [32m200[39m in 42ms[2m (next.js: 30ms, application-code: 12ms)[22m
 GET /api/public/wishes/my [32m200[39m in 68ms[2m (next.js: 51ms, application-code: 17ms)[22m
 GET /api/public/pass/status?userId=15 [32m200[39m in 15ms[2m (next.js: 4ms, application-code: 10ms)[22m
 GET /api/public/wallet?userId=15 [32m200[39m in 19ms[2m (next.js: 4ms, application-code: 15ms)[22m
 GET /api/public/wallet?userId=15 [32m200[39m in 31ms[2m (next.js: 7ms, application-code: 23ms)[22m
 GET /api/public/wallet?userId=15 [32m200[39m in 24ms[2m (next.js: 5ms, application-code: 19ms)[22m
 GET /api/public/wallet?userId=15 [32m200[39m in 23ms[2m (next.js: 5ms, application-code: 18ms)[22m
 GET /api/public/intro-config [32m200[39m in 24ms[2m (next.js: 8ms, application-code: 16ms)[22m
 OPTIONS /api/public/auth/me [32m200[39m in 34ms[2m (next.js: 28ms, application-code: 7ms)[22m
 OPTIONS /api/public/wishes/my [32m200[39m in 29ms[2m (next.js: 21ms, application-code: 7ms)[22m
 GET /api/public/pass/policies [32m200[39m in 37ms[2m (next.js: 22ms, application-code: 15ms)[22m
 GET /api/public/page-configs/home [32m200[39m in 42ms[2m (next.js: 25ms, application-code: 17ms)[22m
 GET /api/public/wallet?userId=15 [32m200[39m in 41ms[2m (next.js: 26ms, application-code: 15ms)[22m
 GET /api/public/notifications?userId=15&limit=50 [32m200[39m in 39ms[2m (next.js: 25ms, application-code: 14ms)[22m
 GET /api/public/healing-quotes [32m200[39m in 32ms[2m (next.js: 21ms, application-code: 10ms)[22m
 GET /api/public/attendance/status?userId=15 [32m200[39m in 15ms[2m (next.js: 4ms, application-code: 10ms)[22m
 GET /api/public/auth/me [32m200[39m in 22ms[2m (next.js: 4ms, application-code: 18ms)[22m
 GET /api/public/wishes/my [32m200[39m in 11ms[2m (next.js: 2ms, application-code: 9ms)[22m
 GET /api/public/pass/policies [32m200[39m in 16ms[2m (next.js: 4ms, application-code: 13ms)[22m
 GET /api/public/wallet?userId=15 [32m200[39m in 24ms[2m (next.js: 6ms, application-code: 18ms)[22m
 GET /api/public/pass/status?userId=15 [32m200[39m in 25ms[2m (next.js: 8ms, application-code: 17ms)[22m
 GET /api/public/attendance/status?userId=15 [32m200[39m in 37ms[2m (next.js: 27ms, application-code: 11ms)[22m
 GET /api/public/grades [32m200[39m in 28ms[2m (next.js: 18ms, application-code: 10ms)[22m
 GET /api/public/wallet?userId=15 [32m200[39m in 21ms[2m (next.js: 4ms, application-code: 17ms)[22m
 GET /api/public/pass/status?userId=15 [32m200[39m in 16ms[2m (next.js: 5ms, application-code: 11ms)[22m
 GET /api/public/pass/policies [32m200[39m in 25ms[2m (next.js: 12ms, application-code: 13ms)[22m
 GET /api/public/healing-quotes [32m200[39m in 26ms[2m (next.js: 15ms, application-code: 10ms)[22m
 GET /api/public/page-configs/home [32m200[39m in 60ms[2m (next.js: 34ms, application-code: 26ms)[22m
 GET /api/public/notifications?userId=15&limit=50 [32m200[39m in 71ms[2m (next.js: 63ms, application-code: 8ms)[22m
 GET /api/public/attendance/status?userId=15 [32m200[39m in 84ms[2m (next.js: 74ms, application-code: 10ms)[22m
 GET /api/public/wishes/my [32m200[39m in 98ms[2m (next.js: 28ms, application-code: 70ms)[22m
 GET /api/public/wallet?userId=15 [32m200[39m in 32ms[2m (next.js: 16ms, application-code: 16ms)[22m
 GET /api/public/wallet?userId=15 [32m200[39m in 35ms[2m (next.js: 10ms, application-code: 25ms)[22m
 GET /api/public/pass/policies [32m200[39m in 26ms[2m (next.js: 8ms, application-code: 18ms)[22m
 GET /api/public/attendance/status?userId=15 [32m200[39m in 46ms[2m (next.js: 28ms, application-code: 18ms)[22m
 GET /api/public/wallet?userId=15 [32m200[39m in 16ms[2m (next.js: 4ms, application-code: 12ms)[22m
 GET /api/public/wallet?userId=15 [32m200[39m in 52ms[2m (next.js: 8ms, application-code: 44ms)[22m
 GET /api/public/pass/status?userId=15 [32m200[39m in 24ms[2m (next.js: 5ms, application-code: 20ms)[22m
 GET /api/public/pass/status?userId=15 [32m200[39m in 20ms[2m (next.js: 8ms, application-code: 12ms)[22m
 GET /api/public/wallet?userId=15 [32m200[39m in 42ms[2m (next.js: 20ms, application-code: 22ms)[22m
 GET /api/public/wallet?userId=15 [32m200[39m in 19ms[2m (next.js: 4ms, application-code: 15ms)[22m
 GET /api/public/wallet?userId=15 [32m200[39m in 27ms[2m (next.js: 13ms, application-code: 14ms)[22m
 GET /api/public/wallet?userId=15 [32m200[39m in 18ms[2m (next.js: 4ms, application-code: 14ms)[22m
 GET /api/public/wishes/my [32m200[39m in 42ms[2m (next.js: 6ms, application-code: 36ms)[22m
 GET /api/public/wallet?userId=15 [32m200[39m in 34ms[2m (next.js: 15ms, application-code: 19ms)[22m
 OPTIONS /api/public/wishes/pending-openings [32m200[39m in 11ms[2m (next.js: 4ms, application-code: 6ms)[22m
 GET /api/public/wishes/pending-openings [32m200[39m in 12ms[2m (next.js: 3ms, application-code: 9ms)[22m
 GET /api/public/shop/seals [32m200[39m in 16ms[2m (next.js: 9ms, application-code: 7ms)[22m
 GET /api/public/shop/candles [32m200[39m in 9ms[2m (next.js: 3ms, application-code: 6ms)[22m
 GET /api/public/shop/talismans [32m200[39m in 9ms[2m (next.js: 3ms, application-code: 6ms)[22m
 OPTIONS /api/public/inventory [32m200[39m in 14ms[2m (next.js: 10ms, application-code: 3ms)[22m
 GET /api/public/inventory [32m200[39m in 17ms[2m (next.js: 4ms, application-code: 13ms)[22m
 GET /api/public/pass/policies [32m200[39m in 36ms[2m (next.js: 12ms, application-code: 24ms)[22m
 GET /api/public/notifications?userId=15&limit=50 [32m200[39m in 19ms[2m (next.js: 9ms, application-code: 10ms)[22m
 GET /api/public/page-configs/home [32m200[39m in 37ms[2m (next.js: 21ms, application-code: 16ms)[22m
 OPTIONS /api/public/auth/me [32m200[39m in 36ms[2m (next.js: 30ms, application-code: 6ms)[22m
 GET /api/public/attendance/status?userId=15 [32m200[39m in 29ms[2m (next.js: 19ms, application-code: 10ms)[22m
 OPTIONS /api/public/wishes/my [32m200[39m in 22ms[2m (next.js: 18ms, application-code: 4ms)[22m
 GET /api/public/intro-config [32m200[39m in 19ms[2m (next.js: 13ms, application-code: 6ms)[22m
 GET /api/public/wallet?userId=15 [32m200[39m in 23ms[2m (next.js: 12ms, application-code: 11ms)[22m
 GET /api/public/healing-quotes [32m200[39m in 24ms[2m (next.js: 19ms, application-code: 5ms)[22m
 GET /api/public/pass/policies [32m200[39m in 16ms[2m (next.js: 5ms, application-code: 12ms)[22m
 GET /api/public/pass/status?userId=15 [32m200[39m in 30ms[2m (next.js: 20ms, application-code: 9ms)[22m
 GET /api/public/wallet?userId=15 [32m200[39m in 27ms[2m (next.js: 10ms, application-code: 17ms)[22m
 GET /api/public/attendance/status?userId=15 [32m200[39m in 59ms[2m (next.js: 50ms, application-code: 9ms)[22m
 GET /api/public/auth/me [32m200[39m in 72ms[2m (next.js: 30ms, application-code: 42ms)[22m
 GET /api/public/wishes/my [32m200[39m in 77ms[2m (next.js: 39ms, application-code: 37ms)[22m
 GET /api/public/pass/status?userId=15 [32m200[39m in 28ms[2m (next.js: 20ms, application-code: 8ms)[22m
 GET /api/public/wallet?userId=15 [32m200[39m in 21ms[2m (next.js: 7ms, application-code: 15ms)[22m
 GET /api/public/grades [32m200[39m in 19ms[2m (next.js: 5ms, application-code: 14ms)[22m
 GET /api/public/wallet?userId=15 [32m200[39m in 23ms[2m (next.js: 5ms, application-code: 17ms)[22m
 GET /api/public/wallet?userId=15 [32m200[39m in 25ms[2m (next.js: 7ms, application-code: 18ms)[22m
 GET /api/public/pass/policies [32m200[39m in 43ms[2m (next.js: 28ms, application-code: 15ms)[22m
 GET /api/public/healing-quotes [32m200[39m in 24ms[2m (next.js: 12ms, application-code: 12ms)[22m
 GET /api/public/page-configs/home [32m200[39m in 47ms[2m (next.js: 32ms, application-code: 15ms)[22m
 GET /api/public/attendance/status?userId=15 [32m200[39m in 55ms[2m (next.js: 48ms, application-code: 7ms)[22m
 GET /api/public/notifications?userId=15&limit=50 [32m200[39m in 63ms[2m (next.js: 56ms, application-code: 6ms)[22m
 GET /api/public/wishes/my [32m200[39m in 72ms[2m (next.js: 24ms, application-code: 48ms)[22m
 GET /api/public/wallet?userId=15 [32m200[39m in 15ms[2m (next.js: 5ms, application-code: 10ms)[22m
 GET /api/public/pass/policies [32m200[39m in 26ms[2m (next.js: 16ms, application-code: 10ms)[22m
 GET /api/public/attendance/status?userId=15 [32m200[39m in 11ms[2m (next.js: 3ms, application-code: 7ms)[22m
 GET /api/public/wallet?userId=15 [32m200[39m in 18ms[2m (next.js: 5ms, application-code: 14ms)[22m
 GET /api/public/wallet?userId=15 [32m200[39m in 19ms[2m (next.js: 5ms, application-code: 14ms)[22m
 GET /api/public/pass/status?userId=15 [32m200[39m in 17ms[2m (next.js: 6ms, application-code: 11ms)[22m
 GET /api/public/wallet?userId=15 [32m200[39m in 22ms[2m (next.js: 7ms, application-code: 14ms)[22m
 GET /api/public/pass/status?userId=15 [32m200[39m in 43ms[2m (next.js: 30ms, application-code: 13ms)[22m
 GET /api/public/wallet?userId=15 [32m200[39m in 28ms[2m (next.js: 4ms, application-code: 24ms)[22m
 GET /api/public/wallet?userId=15 [32m200[39m in 9ms[2m (next.js: 2ms, application-code: 7ms)[22m
 GET /api/public/wallet?userId=15 [32m200[39m in 19ms[2m (next.js: 4ms, application-code: 14ms)[22m
 OPTIONS /api/public/wishes/my [32m200[39m in 12ms[2m (next.js: 4ms, application-code: 8ms)[22m
 GET /api/public/wishes/my [32m200[39m in 17ms[2m (next.js: 5ms, application-code: 13ms)[22m
 OPTIONS /api/public/wishes/pending-openings [32m200[39m in 11ms[2m (next.js: 4ms, application-code: 7ms)[22m
 GET /api/public/wishes/pending-openings [32m200[39m in 17ms[2m (next.js: 4ms, application-code: 13ms)[22m
 GET /api/public/shop/seals [32m200[39m in 16ms[2m (next.js: 5ms, application-code: 11ms)[22m
 GET /api/public/shop/candles [32m200[39m in 17ms[2m (next.js: 8ms, application-code: 10ms)[22m
 GET /api/public/shop/talismans [32m200[39m in 32ms[2m (next.js: 21ms, application-code: 12ms)[22m
 OPTIONS /api/public/inventory [32m200[39m in 28ms[2m (next.js: 21ms, application-code: 7ms)[22m
 GET /api/public/inventory [32m200[39m in 18ms[2m (next.js: 4ms, application-code: 14ms)[22m
 OPTIONS /api/public/gratitude/sealable [32m200[39m in 19ms[2m (next.js: 9ms, application-code: 9ms)[22m
 OPTIONS /api/public/gratitude/received [32m200[39m in 28ms[2m (next.js: 20ms, application-code: 8ms)[22m
 GET /api/public/gratitude/sealable [32m200[39m in 29ms[2m (next.js: 5ms, application-code: 24ms)[22m
 GET /api/public/gratitude/received [32m200[39m in 34ms[2m (next.js: 13ms, application-code: 21ms)[22m
 OPTIONS /api/public/wallet/earn [32m200[39m in 13ms[2m (next.js: 5ms, application-code: 9ms)[22m
 POST /api/public/wallet/earn [32m200[39m in 76ms[2m (next.js: 11ms, application-code: 64ms)[22m
 GET /api/public/wallet?userId=15 [32m200[39m in 21ms[2m (next.js: 6ms, application-code: 16ms)[22m
 GET /api/public/wallet?userId=15 [32m200[39m in 19ms[2m (next.js: 6ms, application-code: 14ms)[22m
 OPTIONS /api/public/wishes/my [32m200[39m in 12ms[2m (next.js: 4ms, application-code: 7ms)[22m
 GET /api/public/wishes/my [32m200[39m in 17ms[2m (next.js: 4ms, application-code: 13ms)[22m
 OPTIONS /api/public/wishes/pending-openings [32m200[39m in 12ms[2m (next.js: 4ms, application-code: 7ms)[22m
 GET /api/public/wishes/pending-openings [32m200[39m in 18ms[2m (next.js: 4ms, application-code: 14ms)[22m
 OPTIONS /api/public/wishes [32m200[39m in 19ms[2m (next.js: 8ms, application-code: 11ms)[22m
 GET /api/public/wishes [32m200[39m in 28ms[2m (next.js: 4ms, application-code: 24ms)[22m
 OPTIONS /api/public/wallet/earn [32m200[39m in 11ms[2m (next.js: 4ms, application-code: 7ms)[22m
 POST /api/public/wallet/earn [32m200[39m in 53ms[2m (next.js: 4ms, application-code: 49ms)[22m
 GET /api/public/wallet?userId=15 [32m200[39m in 22ms[2m (next.js: 5ms, application-code: 17ms)[22m
 GET /api/public/wallet?userId=15 [32m200[39m in 21ms[2m (next.js: 5ms, application-code: 17ms)[22m
 GET /api/public/shop/seals [32m200[39m in 20ms[2m (next.js: 6ms, application-code: 14ms)[22m
 GET /api/public/shop/candles [32m200[39m in 20ms[2m (next.js: 10ms, application-code: 10ms)[22m
 GET /api/public/shop/talismans [32m200[39m in 33ms[2m (next.js: 22ms, application-code: 11ms)[22m
 OPTIONS /api/public/inventory [32m200[39m in 24ms[2m (next.js: 18ms, application-code: 5ms)[22m
 GET /api/public/inventory [32m200[39m in 13ms[2m (next.js: 5ms, application-code: 8ms)[22m
 GET /api/public/shop/candles [32m200[39m in 18ms[2m (next.js: 7ms, application-code: 10ms)[22m
 GET /api/public/shop/seals [32m200[39m in 34ms[2m (next.js: 25ms, application-code: 10ms)[22m
 OPTIONS /api/public/inventory [32m200[39m in 40ms[2m (next.js: 27ms, application-code: 13ms)[22m
 GET /api/public/shop/talismans [32m200[39m in 35ms[2m (next.js: 23ms, application-code: 12ms)[22m
 GET /api/public/inventory [32m200[39m in 19ms[2m (next.js: 5ms, application-code: 14ms)[22m
 GET /api/public/shop/seals [32m200[39m in 21ms[2m (next.js: 10ms, application-code: 11ms)[22m
 GET /api/public/shop/candles [32m200[39m in 34ms[2m (next.js: 24ms, application-code: 10ms)[22m
 OPTIONS /api/public/inventory [32m200[39m in 28ms[2m (next.js: 19ms, application-code: 10ms)[22m
 GET /api/public/shop/talismans [32m200[39m in 25ms[2m (next.js: 16ms, application-code: 9ms)[22m
 GET /api/public/inventory [32m200[39m in 21ms[2m (next.js: 8ms, application-code: 13ms)[22m
 OPTIONS /api/public/inventory [32m200[39m in 11ms[2m (next.js: 4ms, application-code: 7ms)[22m
 GET /api/public/inventory [32m200[39m in 20ms[2m (next.js: 4ms, application-code: 16ms)[22m
 OPTIONS /api/public/wishes [32m200[39m in 15ms[2m (next.js: 4ms, application-code: 11ms)[22m
 POST /api/public/wishes [32m200[39m in 89ms[2m (next.js: 4ms, application-code: 85ms)[22m
 OPTIONS /api/public/wishes/w_28/comments [32m200[39m in 112ms[2m (next.js: 102ms, application-code: 10ms)[22m
 OPTIONS /api/public/wishes/w_28 [32m200[39m in 180ms[2m (next.js: 166ms, application-code: 14ms)[22m
 GET /api/public/wishes/w_28/comments [32m200[39m in 13ms[2m (next.js: 3ms, application-code: 10ms)[22m
 GET /api/public/wishes/w_28 [32m200[39m in 14ms[2m (next.js: 5ms, application-code: 9ms)[22m
 OPTIONS /api/public/wishes/w_28/support [32m200[39m in 89ms[2m (next.js: 78ms, application-code: 12ms)[22m
 POST /api/public/wishes/w_28/support [32m200[39m in 29ms[2m (next.js: 5ms, application-code: 25ms)[22m
 GET /api/public/page-configs/home [32m200[39m in 166ms[2m (next.js: 80ms, application-code: 86ms)[22m
 GET /api/public/attendance/status?userId=1 [32m200[39m in 168ms[2m (next.js: 144ms, application-code: 24ms)[22m
 GET /api/public/intro-config [32m200[39m in 201ms[2m (next.js: 181ms, application-code: 20ms)[22m
 GET /api/public/wallet?userId=1 [32m200[39m in 96ms[2m (next.js: 76ms, application-code: 20ms)[22m
 GET /api/public/wallet?userId=1 [32m200[39m in 55ms[2m (next.js: 42ms, application-code: 13ms)[22m
 GET /api/public/wallet?userId=1 [32m200[39m in 52ms[2m (next.js: 35ms, application-code: 18ms)[22m
 GET /api/public/attendance/status?userId=1 [32m200[39m in 41ms[2m (next.js: 32ms, application-code: 9ms)[22m
 GET /api/public/pass/policies [32m200[39m in 37ms[2m (next.js: 26ms, application-code: 11ms)[22m
 GET /api/public/pass/policies [32m200[39m in 35ms[2m (next.js: 23ms, application-code: 12ms)[22m
 GET /api/public/healing-quotes [32m200[39m in 35ms[2m (next.js: 27ms, application-code: 8ms)[22m
 GET /api/public/notifications?userId=1&limit=50 [32m200[39m in 30ms[2m (next.js: 21ms, application-code: 8ms)[22m
 GET /api/public/wishes/my [33m401[39m in 22ms[2m (next.js: 17ms, application-code: 5ms)[22m
 GET /api/public/wallet?userId=1 [32m200[39m in 20ms[2m (next.js: 5ms, application-code: 15ms)[22m
 GET /api/public/wallet?userId=1 [32m200[39m in 17ms[2m (next.js: 4ms, application-code: 13ms)[22m
 GET /api/public/wallet?userId=1 [32m200[39m in 22ms[2m (next.js: 6ms, application-code: 16ms)[22m
 GET /api/public/pass/policies [32m200[39m in 45ms[2m (next.js: 33ms, application-code: 12ms)[22m
 GET /api/public/wallet?userId=1 [32m200[39m in 20ms[2m (next.js: 4ms, application-code: 15ms)[22m
 GET /api/public/pass/policies [32m200[39m in 35ms[2m (next.js: 25ms, application-code: 9ms)[22m
 GET /api/public/healing-quotes [32m200[39m in 23ms[2m (next.js: 14ms, application-code: 9ms)[22m
 GET /api/public/wallet?userId=1 [32m200[39m in 36ms[2m (next.js: 24ms, application-code: 11ms)[22m
 GET /api/public/attendance/status?userId=1 [32m200[39m in 45ms[2m (next.js: 37ms, application-code: 7ms)[22m
 GET /api/public/wallet?userId=1 [32m200[39m in 56ms[2m (next.js: 46ms, application-code: 9ms)[22m
 GET /api/public/page-configs/home [32m200[39m in 67ms[2m (next.js: 57ms, application-code: 11ms)[22m
 GET /api/public/attendance/status?userId=1 [32m200[39m in 83ms[2m (next.js: 74ms, application-code: 9ms)[22m
 GET /api/public/wishes/my [33m401[39m in 92ms[2m (next.js: 85ms, application-code: 7ms)[22m
 GET /api/public/notifications?userId=1&limit=50 [32m200[39m in 105ms[2m (next.js: 95ms, application-code: 11ms)[22m
 GET /api/public/pass/status?userId=1 [32m200[39m in 16ms[2m (next.js: 6ms, application-code: 11ms)[22m
 GET /api/public/pass/status?userId=1 [32m200[39m in 26ms[2m (next.js: 17ms, application-code: 9ms)[22m
 GET /api/public/pass/status?userId=1 [32m200[39m in 19ms[2m (next.js: 8ms, application-code: 11ms)[22m
 GET /api/public/wallet?userId=1 [32m200[39m in 32ms[2m (next.js: 20ms, application-code: 12ms)[22m
 GET /api/public/pass/status?userId=1 [32m200[39m in 30ms[2m (next.js: 19ms, application-code: 11ms)[22m
 GET /api/public/wallet?userId=1 [32m200[39m in 17ms[2m (next.js: 4ms, application-code: 13ms)[22m
 GET /api/public/wallet?userId=1 [32m200[39m in 26ms[2m (next.js: 13ms, application-code: 13ms)[22m
 GET /api/public/pass/policies [32m200[39m in 18ms[2m (next.js: 4ms, application-code: 14ms)[22m
 GET /api/public/wallet?userId=1 [32m200[39m in 19ms[2m (next.js: 6ms, application-code: 13ms)[22m
 GET /api/public/fortune/categories [32m200[39m in 634ms[2m (next.js: 585ms, application-code: 49ms)[22m
 GET /api/public/pass/status?userId=1 [32m200[39m in 21ms[2m (next.js: 8ms, application-code: 12ms)[22m
 GET /api/public/wallet?userId=1 [32m200[39m in 16ms[2m (next.js: 4ms, application-code: 12ms)[22m
 POST /api/public/auth/login [32m200[39m in 611ms[2m (next.js: 429ms, application-code: 182ms)[22m
 GET /api/public/grades [32m200[39m in 16ms[2m (next.js: 5ms, application-code: 11ms)[22m
 GET /api/public/pass/policies [32m200[39m in 21ms[2m (next.js: 6ms, application-code: 15ms)[22m
 GET /api/public/notifications?userId=15&limit=50 [32m200[39m in 9ms[2m (next.js: 4ms, application-code: 5ms)[22m
 GET /api/public/attendance/status?userId=15 [32m200[39m in 16ms[2m (next.js: 11ms, application-code: 5ms)[22m
 GET /api/public/pass/policies [32m200[39m in 17ms[2m (next.js: 11ms, application-code: 6ms)[22m
 GET /api/public/wallet?userId=15 [32m200[39m in 18ms[2m (next.js: 12ms, application-code: 6ms)[22m
 GET /api/public/wallet?userId=15 [32m200[39m in 25ms[2m (next.js: 12ms, application-code: 13ms)[22m
 GET /api/public/healing-quotes [32m200[39m in 9ms[2m (next.js: 4ms, application-code: 5ms)[22m
 GET /api/public/wallet?userId=15 [32m200[39m in 18ms[2m (next.js: 11ms, application-code: 7ms)[22m
 GET /api/public/page-configs/home [32m200[39m in 21ms[2m (next.js: 12ms, application-code: 9ms)[22m
 GET /api/public/attendance/status?userId=15 [32m200[39m in 7ms[2m (next.js: 3ms, application-code: 4ms)[22m
 GET /api/public/wishes/my [32m200[39m in 13ms[2m (next.js: 8ms, application-code: 5ms)[22m
 POST /api/public/pass/consume [33m403[39m in 341ms[2m (next.js: 334ms, application-code: 7ms)[22m
 GET /api/public/pass/status?userId=15 [32m200[39m in 21ms[2m (next.js: 7ms, application-code: 13ms)[22m
 GET /api/public/wallet?userId=15 [32m200[39m in 35ms[2m (next.js: 23ms, application-code: 13ms)[22m
 GET /api/public/wallet?userId=15 [32m200[39m in 16ms[2m (next.js: 5ms, application-code: 11ms)[22m
 GET /api/public/pass/status?userId=15 [32m200[39m in 25ms[2m (next.js: 18ms, application-code: 7ms)[22m
 GET /api/public/wallet?userId=15 [32m200[39m in 34ms[2m (next.js: 26ms, application-code: 8ms)[22m
 GET /api/public/pass/policies [32m200[39m in 18ms[2m (next.js: 4ms, application-code: 14ms)[22m
 GET /api/public/pass/status?userId=15 [32m200[39m in 15ms[2m (next.js: 4ms, application-code: 11ms)[22m
 GET /api/public/wallet?userId=15 [32m200[39m in 22ms[2m (next.js: 7ms, application-code: 15ms)[22m
 GET /api/ads/fortune?userId=15 [32m200[39m in 410ms[2m (next.js: 395ms, application-code: 15ms)[22m
 GET /api/public/wallet?userId=15 [32m200[39m in 20ms[2m (next.js: 4ms, application-code: 15ms)[22m
 GET /api/public/wallet?userId=15 [32m200[39m in 20ms[2m (next.js: 5ms, application-code: 16ms)[22m
 GET /api/public/pass/policies [32m200[39m in 20ms[2m (next.js: 6ms, application-code: 14ms)[22m
 GET /api/public/fortune/categories [32m200[39m in 39ms[2m (next.js: 22ms, application-code: 17ms)[22m
 GET /api/public/wallet?userId=15 [32m200[39m in 19ms[2m (next.js: 5ms, application-code: 15ms)[22m
 GET /api/public/pass/status?userId=15 [32m200[39m in 16ms[2m (next.js: 4ms, application-code: 12ms)[22m
 POST /api/public/pass/consume [33m403[39m in 17ms[2m (next.js: 4ms, application-code: 13ms)[22m
 POST /api/public/pass/consume [33m403[39m in 17ms[2m (next.js: 4ms, application-code: 13ms)[22m
 GET /api/public/pass/policies [32m200[39m in 18ms[2m (next.js: 5ms, application-code: 14ms)[22m
 GET /api/public/pass/policies [32m200[39m in 18ms[2m (next.js: 4ms, application-code: 14ms)[22m
 GET /api/public/pass/status?userId=15 [32m200[39m in 16ms[2m (next.js: 4ms, application-code: 12ms)[22m
 GET /api/public/pass/status?userId=15 [32m200[39m in 16ms[2m (next.js: 4ms, application-code: 11ms)[22m
 POST /api/public/pass/claim-ad [32m200[39m in 402ms[2m (next.js: 366ms, application-code: 35ms)[22m
 GET /api/public/wallet?userId=15 [32m200[39m in 21ms[2m (next.js: 5ms, application-code: 16ms)[22m
 GET /api/public/wallet?userId=15 [32m200[39m in 21ms[2m (next.js: 5ms, application-code: 16ms)[22m
 GET /api/public/pass/policies [32m200[39m in 19ms[2m (next.js: 6ms, application-code: 13ms)[22m
 GET /api/public/fortune/categories [32m200[39m in 37ms[2m (next.js: 22ms, application-code: 15ms)[22m
 GET /api/public/wallet?userId=15 [32m200[39m in 14ms[2m (next.js: 3ms, application-code: 11ms)[22m
 GET /api/public/pass/status?userId=15 [32m200[39m in 27ms[2m (next.js: 6ms, application-code: 21ms)[22m
 GET /api/public/wallet?userId=15 [32m200[39m in 42ms[2m (next.js: 28ms, application-code: 13ms)[22m
 POST /api/public/fortune/face [32m200[39m in 14.5s[2m (next.js: 367ms, application-code: 14.1s)[22m
 GET /api/public/page-configs/home [32m200[39m in 163ms[2m (next.js: 64ms, application-code: 99ms)[22m
 GET /api/public/attendance/status?userId=1 [32m200[39m in 178ms[2m (next.js: 155ms, application-code: 23ms)[22m
 GET /api/public/intro-config [32m200[39m in 197ms[2m (next.js: 179ms, application-code: 18ms)[22m
 GET /api/public/wallet?userId=1 [32m200[39m in 91ms[2m (next.js: 47ms, application-code: 44ms)[22m
 GET /api/public/healing-quotes [32m200[39m in 80ms[2m (next.js: 67ms, application-code: 13ms)[22m
 GET /api/public/notifications?userId=1&limit=50 [32m200[39m in 40ms[2m (next.js: 31ms, application-code: 9ms)[22m
 GET /api/public/wishes/my [33m401[39m in 31ms[2m (next.js: 23ms, application-code: 7ms)[22m
 GET /api/public/pass/policies [32m200[39m in 49ms[2m (next.js: 19ms, application-code: 30ms)[22m
 GET /api/public/attendance/status?userId=1 [32m200[39m in 21ms[2m (next.js: 4ms, application-code: 17ms)[22m
 GET /api/public/wallet?userId=1 [32m200[39m in 27ms[2m (next.js: 5ms, application-code: 22ms)[22m
 GET /api/public/pass/policies [32m200[39m in 23ms[2m (next.js: 4ms, application-code: 18ms)[22m
 GET /api/public/healing-quotes [32m200[39m in 24ms[2m (next.js: 14ms, application-code: 10ms)[22m
 GET /api/public/notifications?userId=1&limit=50 [32m200[39m in 38ms[2m (next.js: 29ms, application-code: 9ms)[22m
 GET /api/public/page-configs/home [32m200[39m in 60ms[2m (next.js: 40ms, application-code: 19ms)[22m
 GET /api/public/attendance/status?userId=1 [32m200[39m in 67ms[2m (next.js: 60ms, application-code: 7ms)[22m
 GET /api/public/wishes/my [33m401[39m in 78ms[2m (next.js: 72ms, application-code: 6ms)[22m
 GET /api/public/pass/status?userId=1 [32m200[39m in 20ms[2m (next.js: 5ms, application-code: 15ms)[22m
 GET /api/public/wallet?userId=1 [32m200[39m in 42ms[2m (next.js: 22ms, application-code: 20ms)[22m
 GET /api/public/pass/policies [32m200[39m in 17ms[2m (next.js: 4ms, application-code: 14ms)[22m
 GET /api/public/attendance/status?userId=1 [32m200[39m in 14ms[2m (next.js: 4ms, application-code: 10ms)[22m
 GET /api/public/pass/status?userId=1 [32m200[39m in 15ms[2m (next.js: 4ms, application-code: 11ms)[22m
 GET /api/public/wallet?userId=1 [32m200[39m in 8ms[2m (next.js: 2ms, application-code: 5ms)[22m
 GET /api/public/pass/policies [32m200[39m in 7ms[2m (next.js: 1596µs, application-code: 5ms)[22m
 GET /api/public/wallet?userId=1 [32m200[39m in 22ms[2m (next.js: 6ms, application-code: 16ms)[22m
 GET /api/public/pass/status?userId=1 [32m200[39m in 17ms[2m (next.js: 4ms, application-code: 12ms)[22m
 GET /api/public/wallet?userId=1 [32m200[39m in 24ms[2m (next.js: 4ms, application-code: 20ms)[22m
 GET /api/public/pass/status?userId=1 [32m200[39m in 15ms[2m (next.js: 4ms, application-code: 11ms)[22m
 GET /api/public/wallet?userId=1 [32m200[39m in 17ms[2m (next.js: 4ms, application-code: 13ms)[22m
 GET /api/public/wallet?userId=1 [32m200[39m in 18ms[2m (next.js: 4ms, application-code: 14ms)[22m
 GET /api/public/wallet?userId=1 [32m200[39m in 20ms[2m (next.js: 5ms, application-code: 15ms)[22m
 GET /api/public/wallet?userId=1 [32m200[39m in 19ms[2m (next.js: 4ms, application-code: 15ms)[22m
 GET /api/public/wallet?userId=1 [32m200[39m in 19ms[2m (next.js: 5ms, application-code: 14ms)[22m
 GET /api/public/wallet?userId=1 [32m200[39m in 19ms[2m (next.js: 5ms, application-code: 15ms)[22m
 GET /api/public/attendance/status?userId=1 [32m200[39m in 30ms[2m (next.js: 11ms, application-code: 19ms)[22m
 GET /api/public/page-configs/home [32m200[39m in 54ms[2m (next.js: 33ms, application-code: 20ms)[22m
 GET /api/public/intro-config [32m200[39m in 64ms[2m (next.js: 56ms, application-code: 8ms)[22m
 GET /api/public/notifications?userId=1&limit=50 [32m200[39m in 25ms[2m (next.js: 18ms, application-code: 7ms)[22m
 GET /api/public/wishes/my [33m401[39m in 29ms[2m (next.js: 22ms, application-code: 7ms)[22m
 GET /api/public/pass/policies [32m200[39m in 31ms[2m (next.js: 18ms, application-code: 13ms)[22m
 GET /api/public/wallet?userId=1 [32m200[39m in 35ms[2m (next.js: 22ms, application-code: 13ms)[22m
 GET /api/public/healing-quotes [32m200[39m in 27ms[2m (next.js: 20ms, application-code: 7ms)[22m
 GET /api/public/attendance/status?userId=1 [32m200[39m in 17ms[2m (next.js: 6ms, application-code: 12ms)[22m
 GET /api/public/wallet?userId=1 [32m200[39m in 25ms[2m (next.js: 10ms, application-code: 15ms)[22m
 GET /api/public/pass/policies [32m200[39m in 40ms[2m (next.js: 27ms, application-code: 13ms)[22m
 GET /api/public/intro-config [32m200[39m in 15ms[2m (next.js: 8ms, application-code: 7ms)[22m
 GET /api/public/pass/status?userId=1 [32m200[39m in 27ms[2m (next.js: 17ms, application-code: 11ms)[22m
 GET /api/public/wallet?userId=1 [32m200[39m in 19ms[2m (next.js: 4ms, application-code: 15ms)[22m
 GET /api/public/pass/status?userId=1 [32m200[39m in 15ms[2m (next.js: 4ms, application-code: 11ms)[22m
 GET /api/public/wallet?userId=1 [32m200[39m in 19ms[2m (next.js: 4ms, application-code: 15ms)[22m
 GET /api/public/wallet?userId=1 [32m200[39m in 18ms[2m (next.js: 4ms, application-code: 14ms)[22m
 GET /api/public/wallet?userId=1 [32m200[39m in 24ms[2m (next.js: 5ms, application-code: 19ms)[22m
 GET /api/public/healing-quotes [32m200[39m in 22ms[2m (next.js: 8ms, application-code: 14ms)[22m
 GET /api/public/wallet?userId=1 [32m200[39m in 41ms[2m (next.js: 25ms, application-code: 16ms)[22m
 GET /api/public/page-configs/home [32m200[39m in 46ms[2m (next.js: 27ms, application-code: 19ms)[22m
 GET /api/public/notifications?userId=1&limit=50 [32m200[39m in 43ms[2m (next.js: 33ms, application-code: 9ms)[22m
 GET /api/public/pass/policies [32m200[39m in 34ms[2m (next.js: 23ms, application-code: 11ms)[22m
 GET /api/public/attendance/status?userId=1 [32m200[39m in 33ms[2m (next.js: 23ms, application-code: 10ms)[22m
 GET /api/public/wishes/my [33m401[39m in 22ms[2m (next.js: 17ms, application-code: 5ms)[22m
 GET /api/public/wallet?userId=1 [32m200[39m in 17ms[2m (next.js: 4ms, application-code: 13ms)[22m
 GET /api/public/pass/policies [32m200[39m in 18ms[2m (next.js: 4ms, application-code: 14ms)[22m
 GET /api/public/attendance/status?userId=1 [32m200[39m in 14ms[2m (next.js: 4ms, application-code: 9ms)[22m
 GET /api/public/wallet?userId=1 [32m200[39m in 16ms[2m (next.js: 4ms, application-code: 12ms)[22m
 GET /api/public/pass/status?userId=1 [32m200[39m in 16ms[2m (next.js: 5ms, application-code: 12ms)[22m
 GET /api/public/wallet?userId=1 [32m200[39m in 21ms[2m (next.js: 7ms, application-code: 14ms)[22m
 GET /api/public/wallet?userId=1 [32m200[39m in 21ms[2m (next.js: 5ms, application-code: 16ms)[22m
 GET /api/public/pass/status?userId=1 [32m200[39m in 15ms[2m (next.js: 4ms, application-code: 11ms)[22m
 GET /api/public/wallet?userId=1 [32m200[39m in 18ms[2m (next.js: 4ms, application-code: 14ms)[22m
 GET /api/public/wishes/my [33m401[39m in 13ms[2m (next.js: 4ms, application-code: 8ms)[22m
 GET /api/public/wishes/pending-openings [33m401[39m in 14ms[2m (next.js: 5ms, application-code: 9ms)[22m
 GET /api/public/inventory [33m401[39m in 17ms[2m (next.js: 5ms, application-code: 12ms)[22m
 GET /api/public/wishes/my [32m200[39m in 23ms[2m (next.js: 4ms, application-code: 19ms)[22m
 GET /api/public/wishes/pending-openings [32m200[39m in 18ms[2m (next.js: 4ms, application-code: 14ms)[22m
 GET /api/public/wishes/w_28 [32m200[39m in 109ms[2m (next.js: 81ms, application-code: 28ms)[22m
 POST /api/public/wishes/w_28/support [32m200[39m in 92ms[2m (next.js: 61ms, application-code: 31ms)[22m
 GET /api/public/wishes/w_28 [32m200[39m in 80ms[2m (next.js: 61ms, application-code: 19ms)[22m
 GET /api/public/wishes/w_28 [32m200[39m in 81ms[2m (next.js: 65ms, application-code: 17ms)[22m
 GET /api/public/wishes/my [32m200[39m in 22ms[2m (next.js: 6ms, application-code: 16ms)[22m
 GET /api/public/gratitude/sealable [32m200[39m in 37ms[2m (next.js: 7ms, application-code: 30ms)[22m
 GET /api/public/gratitude/received [32m200[39m in 42ms[2m (next.js: 25ms, application-code: 18ms)[22m
 GET /api/public/inventory [32m200[39m in 27ms[2m (next.js: 9ms, application-code: 17ms)[22m
 GET /api/public/shop/candles [32m200[39m in 39ms[2m (next.js: 29ms, application-code: 10ms)[22m
 GET /api/public/shop/seals [32m200[39m in 43ms[2m (next.js: 30ms, application-code: 13ms)[22m
 GET /api/public/shop/talismans [32m200[39m in 14ms[2m (next.js: 4ms, application-code: 10ms)[22m
 GET /api/public/wishes [32m200[39m in 31ms[2m (next.js: 6ms, application-code: 26ms)[22m
 GET /api/public/attendance/status?userId=1 [32m200[39m in 22ms[2m (next.js: 7ms, application-code: 16ms)[22m
 GET /api/public/pass/policies [32m200[39m in 28ms[2m (next.js: 10ms, application-code: 18ms)[22m
 GET /api/public/notifications?userId=1&limit=50 [32m200[39m in 45ms[2m (next.js: 31ms, application-code: 13ms)[22m
 GET /api/public/page-configs/home [32m200[39m in 42ms[2m (next.js: 25ms, application-code: 18ms)[22m
 GET /api/public/intro-config [32m200[39m in 36ms[2m (next.js: 27ms, application-code: 9ms)[22m
 GET /api/public/wallet?userId=1 [32m200[39m in 28ms[2m (next.js: 17ms, application-code: 10ms)[22m
 GET /api/public/wishes/my [33m401[39m in 20ms[2m (next.js: 16ms, application-code: 4ms)[22m
 GET /api/public/healing-quotes [32m200[39m in 14ms[2m (next.js: 10ms, application-code: 5ms)[22m
 GET /api/public/attendance/status?userId=1 [32m200[39m in 16ms[2m (next.js: 5ms, application-code: 11ms)[22m
 GET /api/public/pass/policies [32m200[39m in 24ms[2m (next.js: 6ms, application-code: 17ms)[22m
 GET /api/public/pass/status?userId=1 [32m200[39m in 18ms[2m (next.js: 5ms, application-code: 13ms)[22m
 GET /api/public/wallet?userId=1 [32m200[39m in 25ms[2m (next.js: 6ms, application-code: 20ms)[22m
 GET /api/public/pass/status?userId=1 [32m200[39m in 19ms[2m (next.js: 6ms, application-code: 13ms)[22m
 GET /api/public/wallet?userId=1 [32m200[39m in 25ms[2m (next.js: 5ms, application-code: 20ms)[22m
 GET /api/public/wallet?userId=1 [32m200[39m in 19ms[2m (next.js: 4ms, application-code: 14ms)[22m
 GET /api/public/wallet?userId=1 [32m200[39m in 24ms[2m (next.js: 5ms, application-code: 19ms)[22m
 GET /api/public/wallet?userId=1 [32m200[39m in 19ms[2m (next.js: 4ms, application-code: 15ms)[22m
 GET /api/public/inventory [32m200[39m in 19ms[2m (next.js: 7ms, application-code: 12ms)[22m
 GET /api/public/inventory [32m200[39m in 17ms[2m (next.js: 4ms, application-code: 13ms)[22m
 GET /api/public/wishes/my [32m200[39m in 20ms[2m (next.js: 4ms, application-code: 16ms)[22m
 GET /api/public/wishes/my [33m401[39m in 12ms[2m (next.js: 8ms, application-code: 4ms)[22m
 GET /api/public/intro-config [32m200[39m in 35ms[2m (next.js: 18ms, application-code: 17ms)[22m
 GET /api/public/pass/policies [32m200[39m in 52ms[2m (next.js: 46ms, application-code: 6ms)[22m
 GET /api/public/notifications?userId=1&limit=50 [32m200[39m in 69ms[2m (next.js: 57ms, application-code: 12ms)[22m
 GET /api/public/wallet?userId=1 [32m200[39m in 92ms[2m (next.js: 85ms, application-code: 8ms)[22m
 GET /api/public/page-configs/home [32m200[39m in 121ms[2m (next.js: 111ms, application-code: 10ms)[22m
 GET /api/public/attendance/status?userId=1 [32m200[39m in 155ms[2m (next.js: 140ms, application-code: 15ms)[22m
 GET /api/public/healing-quotes [32m200[39m in 151ms[2m (next.js: 145ms, application-code: 5ms)[22m
 GET /api/public/pass/policies [32m200[39m in 11ms[2m (next.js: 3ms, application-code: 8ms)[22m
 GET /api/public/wallet?userId=1 [32m200[39m in 18ms[2m (next.js: 12ms, application-code: 6ms)[22m
 GET /api/public/attendance/status?userId=1 [32m200[39m in 24ms[2m (next.js: 20ms, application-code: 4ms)[22m
 GET /api/public/wallet?userId=1 [32m200[39m in 8ms[2m (next.js: 1734µs, application-code: 7ms)[22m
 GET /api/public/wallet?userId=1 [32m200[39m in 13ms[2m (next.js: 5ms, application-code: 8ms)[22m
 GET /api/public/pass/status?userId=1 [32m200[39m in 20ms[2m (next.js: 14ms, application-code: 6ms)[22m
 GET /api/public/wallet?userId=1 [32m200[39m in 12ms[2m (next.js: 2ms, application-code: 10ms)[22m
 GET /api/public/pass/status?userId=1 [32m200[39m in 10ms[2m (next.js: 3ms, application-code: 7ms)[22m
 GET /api/public/wallet?userId=1 [32m200[39m in 13ms[2m (next.js: 2ms, application-code: 10ms)[22m
 GET /api/public/intro-config [32m200[39m in 13ms[2m (next.js: 4ms, application-code: 9ms)[22m
 GET /api/public/wallet?userId=1 [32m200[39m in 16ms[2m (next.js: 7ms, application-code: 8ms)[22m
 GET /api/public/notifications?userId=1&limit=50 [32m200[39m in 31ms[2m (next.js: 19ms, application-code: 12ms)[22m
 GET /api/public/page-configs/home [32m200[39m in 64ms[2m (next.js: 34ms, application-code: 30ms)[22m
 GET /api/public/attendance/status?userId=1 [32m200[39m in 52ms[2m (next.js: 44ms, application-code: 8ms)[22m
 GET /api/public/intro-config [32m200[39m in 32ms[2m (next.js: 21ms, application-code: 11ms)[22m
 GET /api/public/wallet?userId=1 [32m200[39m in 30ms[2m (next.js: 22ms, application-code: 8ms)[22m
 GET /api/public/pass/policies [32m200[39m in 41ms[2m (next.js: 33ms, application-code: 8ms)[22m
 GET /api/public/healing-quotes [32m200[39m in 32ms[2m (next.js: 26ms, application-code: 5ms)[22m
 GET /api/public/wishes/my [33m401[39m in 16ms[2m (next.js: 13ms, application-code: 3ms)[22m
 GET /api/public/attendance/status?userId=1 [32m200[39m in 17ms[2m (next.js: 9ms, application-code: 8ms)[22m
 GET /api/public/wallet?userId=1 [32m200[39m in 25ms[2m (next.js: 13ms, application-code: 13ms)[22m
 GET /api/public/pass/policies [32m200[39m in 25ms[2m (next.js: 16ms, application-code: 9ms)[22m
 GET /api/public/wishes/my [33m401[39m in 23ms[2m (next.js: 10ms, application-code: 13ms)[22m
 GET /api/public/page-configs/home [32m200[39m in 42ms[2m (next.js: 25ms, application-code: 16ms)[22m
 GET /api/public/notifications?userId=1&limit=50 [32m200[39m in 38ms[2m (next.js: 26ms, application-code: 13ms)[22m
 GET /api/public/pass/policies [32m200[39m in 37ms[2m (next.js: 24ms, application-code: 13ms)[22m
 GET /api/public/attendance/status?userId=1 [32m200[39m in 33ms[2m (next.js: 25ms, application-code: 8ms)[22m
 GET /api/public/wallet?userId=1 [32m200[39m in 30ms[2m (next.js: 16ms, application-code: 14ms)[22m
 GET /api/public/intro-config [32m200[39m in 26ms[2m (next.js: 21ms, application-code: 5ms)[22m
 GET /api/public/healing-quotes [32m200[39m in 20ms[2m (next.js: 12ms, application-code: 8ms)[22m
 GET /api/public/pass/policies [32m200[39m in 19ms[2m (next.js: 8ms, application-code: 11ms)[22m
 GET /api/public/wallet?userId=1 [32m200[39m in 14ms[2m (next.js: 6ms, application-code: 8ms)[22m
 GET /api/public/attendance/status?userId=1 [32m200[39m in 19ms[2m (next.js: 13ms, application-code: 5ms)[22m
 GET /api/public/pass/status?userId=1 [32m200[39m in 15ms[2m (next.js: 10ms, application-code: 6ms)[22m
 GET /api/public/wallet?userId=1 [32m200[39m in 10ms[2m (next.js: 4ms, application-code: 6ms)[22m
 GET /api/public/pass/status?userId=1 [32m200[39m in 11ms[2m (next.js: 3ms, application-code: 8ms)[22m
 GET /api/public/wallet?userId=1 [32m200[39m in 9ms[2m (next.js: 2ms, application-code: 6ms)[22m
 GET /api/public/wallet?userId=1 [32m200[39m in 12ms[2m (next.js: 2ms, application-code: 10ms)[22m
 GET /api/public/wallet?userId=1 [32m200[39m in 15ms[2m (next.js: 4ms, application-code: 11ms)[22m
 GET /api/public/page-configs/home [32m200[39m in 28ms[2m (next.js: 12ms, application-code: 15ms)[22m
 GET /api/public/wallet?userId=1 [32m200[39m in 46ms[2m (next.js: 25ms, application-code: 22ms)[22m
 GET /api/public/wishes/my [33m401[39m in 42ms[2m (next.js: 38ms, application-code: 4ms)[22m
 GET /api/public/pass/policies [32m200[39m in 44ms[2m (next.js: 22ms, application-code: 22ms)[22m
 GET /api/public/healing-quotes [32m200[39m in 44ms[2m (next.js: 37ms, application-code: 8ms)[22m
 GET /api/public/wallet?userId=1 [32m200[39m in 30ms[2m (next.js: 20ms, application-code: 10ms)[22m
 GET /api/public/intro-config [32m200[39m in 37ms[2m (next.js: 31ms, application-code: 5ms)[22m
 GET /api/public/attendance/status?userId=1 [32m200[39m in 32ms[2m (next.js: 28ms, application-code: 4ms)[22m
 GET /api/public/notifications?userId=1&limit=50 [32m200[39m in 40ms[2m (next.js: 30ms, application-code: 11ms)[22m
 GET /api/public/pass/policies [32m200[39m in 69ms[2m (next.js: 37ms, application-code: 32ms)[22m
 GET /api/public/wallet?userId=1 [32m200[39m in 52ms[2m (next.js: 38ms, application-code: 14ms)[22m
 GET /api/public/attendance/status?userId=1 [32m200[39m in 26ms[2m (next.js: 21ms, application-code: 5ms)[22m
 GET /api/public/pass/status?userId=1 [32m200[39m in 10ms[2m (next.js: 3ms, application-code: 6ms)[22m
 GET /api/public/wallet?userId=1 [32m200[39m in 20ms[2m (next.js: 12ms, application-code: 8ms)[22m
 GET /api/public/pass/status?userId=1 [32m200[39m in 8ms[2m (next.js: 3ms, application-code: 5ms)[22m
 GET /api/public/wallet?userId=1 [32m200[39m in 13ms[2m (next.js: 5ms, application-code: 8ms)[22m
 GET /api/public/wallet?userId=1 [32m200[39m in 8ms[2m (next.js: 2ms, application-code: 6ms)[22m
 GET /api/public/intro-config [32m200[39m in 18ms[2m (next.js: 4ms, application-code: 14ms)[22m
 GET /api/public/intro-config [32m200[39m in 29ms[2m (next.js: 11ms, application-code: 17ms)[22m
 GET /api/public/pass/policies [32m200[39m in 46ms[2m (next.js: 31ms, application-code: 15ms)[22m
 GET /api/public/healing-quotes [32m200[39m in 56ms[2m (next.js: 49ms, application-code: 7ms)[22m
 GET /api/public/page-configs/home [32m200[39m in 45ms[2m (next.js: 23ms, application-code: 22ms)[22m
 GET /api/public/attendance/status?userId=1 [32m200[39m in 49ms[2m (next.js: 35ms, application-code: 14ms)[22m
 GET /api/public/wishes/my [33m401[39m in 30ms[2m (next.js: 24ms, application-code: 6ms)[22m
 GET /api/public/notifications?userId=1&limit=50 [32m200[39m in 23ms[2m (next.js: 16ms, application-code: 7ms)[22m
 GET /api/public/wallet?userId=1 [32m200[39m in 29ms[2m (next.js: 16ms, application-code: 13ms)[22m
 GET /api/public/pass/policies [32m200[39m in 21ms[2m (next.js: 4ms, application-code: 17ms)[22m
 GET /api/public/pass/status?userId=1 [32m200[39m in 20ms[2m (next.js: 4ms, application-code: 16ms)[22m
 GET /api/public/attendance/status?userId=1 [32m200[39m in 15ms[2m (next.js: 3ms, application-code: 11ms)[22m
 GET /api/public/wallet?userId=1 [32m200[39m in 12ms[2m (next.js: 3ms, application-code: 9ms)[22m
 GET /api/public/pass/status?userId=1 [32m200[39m in 16ms[2m (next.js: 4ms, application-code: 12ms)[22m
 GET /api/public/wallet?userId=1 [32m200[39m in 18ms[2m (next.js: 4ms, application-code: 14ms)[22m
 GET /api/public/wallet?userId=1 [32m200[39m in 23ms[2m (next.js: 5ms, application-code: 18ms)[22m
 GET /api/public/wallet?userId=1 [32m200[39m in 20ms[2m (next.js: 5ms, application-code: 15ms)[22m
 GET /api/public/wallet?userId=1 [32m200[39m in 21ms[2m (next.js: 4ms, application-code: 17ms)[22m
 GET /api/public/pass/status?userId=1 [32m200[39m in 15ms[2m (next.js: 5ms, application-code: 10ms)[22m
 GET /api/public/wallet?userId=1 [32m200[39m in 34ms[2m (next.js: 18ms, application-code: 15ms)[22m
 GET /api/public/pass/status?userId=1 [32m200[39m in 13ms[2m (next.js: 3ms, application-code: 10ms)[22m
 GET /api/public/wallet?userId=1 [32m200[39m in 16ms[2m (next.js: 3ms, application-code: 13ms)[22m
 GET /api/public/wallet?userId=1 [32m200[39m in 29ms[2m (next.js: 3ms, application-code: 26ms)[22m
 GET /api/public/intro-config [32m200[39m in 12ms[2m (next.js: 4ms, application-code: 8ms)[22m
 GET /api/public/intro-config [32m200[39m in 10ms[2m (next.js: 3ms, application-code: 7ms)[22m
 GET /api/public/attendance/status?userId=1 [32m200[39m in 9ms[2m (next.js: 3ms, application-code: 6ms)[22m
 GET /api/public/page-configs/home [32m200[39m in 21ms[2m (next.js: 13ms, application-code: 8ms)[22m
 GET /api/public/notifications?userId=1&limit=50 [32m200[39m in 32ms[2m (next.js: 20ms, application-code: 12ms)[22m
 GET /api/public/healing-quotes [32m200[39m in 26ms[2m (next.js: 19ms, application-code: 7ms)[22m
 GET /api/public/pass/policies [32m200[39m in 60ms[2m (next.js: 23ms, application-code: 37ms)[22m
 GET /api/public/attendance/status?userId=1 [32m200[39m in 49ms[2m (next.js: 45ms, application-code: 4ms)[22m
 GET /api/public/wallet?userId=1 [32m200[39m in 56ms[2m (next.js: 51ms, application-code: 6ms)[22m
 GET /api/public/wishes/my [33m401[39m in 24ms[2m (next.js: 19ms, application-code: 5ms)[22m
 GET /api/public/pass/policies [32m200[39m in 10ms[2m (next.js: 3ms, application-code: 7ms)[22m
 GET /api/public/wallet?userId=1 [32m200[39m in 17ms[2m (next.js: 10ms, application-code: 7ms)[22m
 GET /api/public/wallet?userId=1 [32m200[39m in 14ms[2m (next.js: 1961µs, application-code: 12ms)[22m
 GET /api/public/pass/status?userId=1 [32m200[39m in 12ms[2m (next.js: 3ms, application-code: 9ms)[22m
 GET /api/public/wallet?userId=1 [32m200[39m in 36ms[2m (next.js: 14ms, application-code: 22ms)[22m
 GET /api/public/pass/status?userId=1 [32m200[39m in 19ms[2m (next.js: 3ms, application-code: 16ms)[22m
 GET /api/public/wallet?userId=1 [32m200[39m in 17ms[2m (next.js: 5ms, application-code: 12ms)[22m
 GET /api/public/wallet?userId=1 [32m200[39m in 13ms[2m (next.js: 3ms, application-code: 10ms)[22m
 GET /api/public/healing-quotes [32m200[39m in 65ms[2m (next.js: 54ms, application-code: 11ms)[22m
 GET /api/public/wallet?userId=1 [32m200[39m in 42ms[2m (next.js: 21ms, application-code: 21ms)[22m
 GET /api/public/pass/policies [32m200[39m in 53ms[2m (next.js: 42ms, application-code: 11ms)[22m
 GET /api/public/attendance/status?userId=1 [32m200[39m in 23ms[2m (next.js: 18ms, application-code: 5ms)[22m
 GET /api/public/page-configs/home [32m200[39m in 25ms[2m (next.js: 14ms, application-code: 11ms)[22m
 GET /api/public/notifications?userId=1&limit=50 [32m200[39m in 22ms[2m (next.js: 17ms, application-code: 5ms)[22m
 GET /api/public/wishes/my [33m401[39m in 16ms[2m (next.js: 12ms, application-code: 4ms)[22m
 GET /api/public/intro-config [32m200[39m in 14ms[2m (next.js: 7ms, application-code: 7ms)[22m
 GET /api/public/wallet?userId=1 [32m200[39m in 21ms[2m (next.js: 4ms, application-code: 17ms)[22m
 GET /api/public/pass/policies [32m200[39m in 23ms[2m (next.js: 6ms, application-code: 17ms)[22m
 GET /api/public/attendance/status?userId=1 [32m200[39m in 38ms[2m (next.js: 25ms, application-code: 12ms)[22m
 GET /api/public/pass/status?userId=1 [32m200[39m in 49ms[2m (next.js: 40ms, application-code: 9ms)[22m
 GET /api/public/wallet?userId=1 [32m200[39m in 17ms[2m (next.js: 4ms, application-code: 13ms)[22m
 GET /api/public/pass/status?userId=1 [32m200[39m in 16ms[2m (next.js: 5ms, application-code: 12ms)[22m
 GET /api/public/wallet?userId=1 [32m200[39m in 17ms[2m (next.js: 4ms, application-code: 14ms)[22m
 GET /api/public/wallet?userId=1 [32m200[39m in 18ms[2m (next.js: 4ms, application-code: 14ms)[22m
 GET /api/public/wallet?userId=1 [32m200[39m in 21ms[2m (next.js: 8ms, application-code: 14ms)[22m
 GET /api/public/pass/status?userId=1 [32m200[39m in 16ms[2m (next.js: 5ms, application-code: 11ms)[22m
 GET /api/public/wallet?userId=1 [32m200[39m in 29ms[2m (next.js: 17ms, application-code: 12ms)[22m
 GET /api/public/pass/status?userId=1 [32m200[39m in 9ms[2m (next.js: 3ms, application-code: 7ms)[22m
 GET /api/public/wallet?userId=1 [32m200[39m in 22ms[2m (next.js: 5ms, application-code: 17ms)[22m
 GET /api/public/wallet?userId=1 [32m200[39m in 10ms[2m (next.js: 5ms, application-code: 6ms)[22m
 GET /api/public/intro-config [32m200[39m in 17ms[2m (next.js: 9ms, application-code: 8ms)[22m
 GET /api/public/healing-quotes [32m200[39m in 11ms[2m (next.js: 6ms, application-code: 5ms)[22m
 GET /api/public/wallet?userId=1 [32m200[39m in 17ms[2m (next.js: 12ms, application-code: 5ms)[22m
 GET /api/public/intro-config [32m200[39m in 27ms[2m (next.js: 18ms, application-code: 9ms)[22m
 GET /api/public/notifications?userId=1&limit=50 [32m200[39m in 31ms[2m (next.js: 23ms, application-code: 8ms)[22m
 GET /api/public/attendance/status?userId=1 [32m200[39m in 29ms[2m (next.js: 22ms, application-code: 8ms)[22m
 GET /api/public/page-configs/home [32m200[39m in 33ms[2m (next.js: 22ms, application-code: 11ms)[22m
 GET /api/public/wallet?userId=1 [32m200[39m in 31ms[2m (next.js: 23ms, application-code: 8ms)[22m
 GET /api/public/wishes/my [33m401[39m in 40ms[2m (next.js: 34ms, application-code: 5ms)[22m
 GET /api/public/pass/policies [32m200[39m in 35ms[2m (next.js: 23ms, application-code: 12ms)[22m
 GET /api/public/wallet?userId=1 [32m200[39m in 13ms[2m (next.js: 3ms, application-code: 10ms)[22m
 GET /api/public/attendance/status?userId=1 [32m200[39m in 24ms[2m (next.js: 17ms, application-code: 7ms)[22m
 GET /api/public/pass/policies [32m200[39m in 11ms[2m (next.js: 3ms, application-code: 9ms)[22m
 GET /api/public/wallet?userId=1 [32m200[39m in 20ms[2m (next.js: 4ms, application-code: 17ms)[22m
 GET /api/public/pass/status?userId=1 [32m200[39m in 20ms[2m (next.js: 5ms, application-code: 15ms)[22m
 GET /api/public/wallet?userId=1 [32m200[39m in 21ms[2m (next.js: 8ms, application-code: 13ms)[22m
 GET /api/public/pass/status?userId=1 [32m200[39m in 41ms[2m (next.js: 24ms, application-code: 18ms)[22m
 GET /api/public/wallet?userId=1 [32m200[39m in 23ms[2m (next.js: 5ms, application-code: 17ms)[22m
 GET /api/public/intro-config [32m200[39m in 9ms[2m (next.js: 3ms, application-code: 6ms)[22m
 GET /api/public/intro-config [32m200[39m in 16ms[2m (next.js: 3ms, application-code: 12ms)[22m
 GET /api/public/attendance/status?userId=1 [32m200[39m in 10ms[2m (next.js: 3ms, application-code: 6ms)[22m
 GET /api/public/page-configs/home [32m200[39m in 29ms[2m (next.js: 16ms, application-code: 13ms)[22m
 GET /api/public/notifications?userId=1&limit=50 [32m200[39m in 9ms[2m (next.js: 4ms, application-code: 5ms)[22m
 GET /api/public/pass/policies [32m200[39m in 16ms[2m (next.js: 6ms, application-code: 10ms)[22m
 GET /api/public/attendance/status?userId=1 [32m200[39m in 31ms[2m (next.js: 18ms, application-code: 13ms)[22m
 GET /api/public/wallet?userId=1 [32m200[39m in 42ms[2m (next.js: 36ms, application-code: 6ms)[22m
 GET /api/public/wishes/my [33m401[39m in 49ms[2m (next.js: 46ms, application-code: 4ms)[22m
 GET /api/public/healing-quotes [32m200[39m in 26ms[2m (next.js: 20ms, application-code: 6ms)[22m
 GET /api/public/pass/policies [32m200[39m in 10ms[2m (next.js: 3ms, application-code: 8ms)[22m
 GET /api/public/wallet?userId=1 [32m200[39m in 18ms[2m (next.js: 11ms, application-code: 8ms)[22m
 GET /api/public/wallet?userId=1 [32m200[39m in 11ms[2m (next.js: 1950µs, application-code: 9ms)[22m
 GET /api/public/pass/status?userId=1 [32m200[39m in 15ms[2m (next.js: 4ms, application-code: 11ms)[22m
 GET /api/public/wallet?userId=1 [32m200[39m in 29ms[2m (next.js: 17ms, application-code: 13ms)[22m
 GET /api/public/pass/status?userId=1 [32m200[39m in 10ms[2m (next.js: 3ms, application-code: 7ms)[22m
 GET /api/public/wallet?userId=1 [32m200[39m in 23ms[2m (next.js: 15ms, application-code: 7ms)[22m
 GET /api/public/wallet?userId=1 [32m200[39m in 11ms[2m (next.js: 2ms, application-code: 8ms)[22m
 GET /api/public/intro-config [32m200[39m in 13ms[2m (next.js: 3ms, application-code: 9ms)[22m
 GET /api/public/pass/status?userId=1 [32m200[39m in 11ms[2m (next.js: 2ms, application-code: 9ms)[22m
 GET /api/public/wallet?userId=1 [32m200[39m in 26ms[2m (next.js: 3ms, application-code: 23ms)[22m
 GET /api/public/pass/status?userId=1 [32m200[39m in 15ms[2m (next.js: 4ms, application-code: 11ms)[22m
 GET /api/public/wallet?userId=1 [32m200[39m in 13ms[2m (next.js: 4ms, application-code: 9ms)[22m
 GET /api/public/wallet?userId=1 [32m200[39m in 11ms[2m (next.js: 2ms, application-code: 9ms)[22m
 GET /api/public/intro-config [32m200[39m in 13ms[2m (next.js: 3ms, application-code: 10ms)[22m
 GET /api/public/wallet?userId=1 [32m200[39m in 14ms[2m (next.js: 4ms, application-code: 11ms)[22m
 GET /api/public/pass/status?userId=1 [32m200[39m in 24ms[2m (next.js: 16ms, application-code: 8ms)[22m
 GET /api/public/wallet?userId=1 [32m200[39m in 10ms[2m (next.js: 2ms, application-code: 7ms)[22m
 GET /api/public/pass/status?userId=1 [32m200[39m in 7ms[2m (next.js: 1881µs, application-code: 5ms)[22m
 GET /api/public/wallet?userId=1 [32m200[39m in 9ms[2m (next.js: 2ms, application-code: 6ms)[22m
 GET /api/public/intro-config [32m200[39m in 13ms[2m (next.js: 4ms, application-code: 9ms)[22m
 GET /api/public/wallet?userId=1 [32m200[39m in 31ms[2m (next.js: 11ms, application-code: 20ms)[22m
 GET /api/public/pass/policies [32m200[39m in 48ms[2m (next.js: 33ms, application-code: 16ms)[22m
 GET /api/public/intro-config [32m200[39m in 37ms[2m (next.js: 26ms, application-code: 11ms)[22m
 GET /api/public/attendance/status?userId=1 [32m200[39m in 27ms[2m (next.js: 20ms, application-code: 7ms)[22m
 GET /api/public/page-configs/home [32m200[39m in 35ms[2m (next.js: 19ms, application-code: 16ms)[22m
 GET /api/public/notifications?userId=1&limit=50 [32m200[39m in 34ms[2m (next.js: 25ms, application-code: 9ms)[22m
 GET /api/public/wishes/my [33m401[39m in 21ms[2m (next.js: 16ms, application-code: 5ms)[22m
 GET /api/public/healing-quotes [32m200[39m in 17ms[2m (next.js: 9ms, application-code: 8ms)[22m
 GET /api/public/wallet?userId=1 [32m200[39m in 23ms[2m (next.js: 4ms, application-code: 19ms)[22m
 GET /api/public/attendance/status?userId=1 [32m200[39m in 19ms[2m (next.js: 10ms, application-code: 9ms)[22m
 GET /api/public/pass/policies [32m200[39m in 36ms[2m (next.js: 20ms, application-code: 16ms)[22m
 GET /api/public/pass/status?userId=1 [32m200[39m in 49ms[2m (next.js: 35ms, application-code: 15ms)[22m
 GET /api/public/wallet?userId=1 [32m200[39m in 19ms[2m (next.js: 4ms, application-code: 15ms)[22m
 GET /api/public/pass/status?userId=1 [32m200[39m in 14ms[2m (next.js: 4ms, application-code: 10ms)[22m
 GET /api/public/wallet?userId=1 [32m200[39m in 17ms[2m (next.js: 4ms, application-code: 13ms)[22m
 GET /api/public/wallet?userId=1 [32m200[39m in 17ms[2m (next.js: 4ms, application-code: 13ms)[22m
 GET /api/public/wallet?userId=1 [32m200[39m in 21ms[2m (next.js: 5ms, application-code: 15ms)[22m
 GET /api/public/attendance/status?userId=1 [32m200[39m in 15ms[2m (next.js: 8ms, application-code: 7ms)[22m
 GET /api/public/healing-quotes [32m200[39m in 24ms[2m (next.js: 19ms, application-code: 5ms)[22m
 GET /api/public/pass/policies [32m200[39m in 33ms[2m (next.js: 25ms, application-code: 7ms)[22m
 GET /api/public/wishes/my [33m401[39m in 38ms[2m (next.js: 34ms, application-code: 4ms)[22m
 GET /api/public/intro-config [32m200[39m in 47ms[2m (next.js: 39ms, application-code: 8ms)[22m
 GET /api/public/notifications?userId=1&limit=50 [32m200[39m in 53ms[2m (next.js: 48ms, application-code: 5ms)[22m
 GET /api/public/wallet?userId=1 [32m200[39m in 61ms[2m (next.js: 54ms, application-code: 7ms)[22m
 GET /api/public/page-configs/home [32m200[39m in 71ms[2m (next.js: 62ms, application-code: 9ms)[22m
 GET /api/public/attendance/status?userId=1 [32m200[39m in 14ms[2m (next.js: 5ms, application-code: 9ms)[22m
 GET /api/public/pass/policies [32m200[39m in 16ms[2m (next.js: 4ms, application-code: 12ms)[22m
 GET /api/public/pass/status?userId=1 [32m200[39m in 13ms[2m (next.js: 4ms, application-code: 10ms)[22m
 GET /api/public/wallet?userId=1 [32m200[39m in 16ms[2m (next.js: 3ms, application-code: 13ms)[22m
 GET /api/public/pass/status?userId=1 [32m200[39m in 17ms[2m (next.js: 5ms, application-code: 12ms)[22m
 GET /api/public/wallet?userId=1 [32m200[39m in 18ms[2m (next.js: 4ms, application-code: 14ms)[22m
 GET /api/public/wallet?userId=1 [32m200[39m in 16ms[2m (next.js: 4ms, application-code: 13ms)[22m
 GET /api/public/healing-quotes [32m200[39m in 18ms[2m (next.js: 9ms, application-code: 9ms)[22m
 GET /api/public/wishes/my [33m401[39m in 27ms[2m (next.js: 20ms, application-code: 7ms)[22m
 GET /api/public/pass/policies [32m200[39m in 41ms[2m (next.js: 29ms, application-code: 12ms)[22m
 GET /api/public/page-configs/home [32m200[39m in 62ms[2m (next.js: 43ms, application-code: 19ms)[22m
 GET /api/public/notifications?userId=1&limit=50 [32m200[39m in 73ms[2m (next.js: 64ms, application-code: 9ms)[22m
 GET /api/public/attendance/status?userId=1 [32m200[39m in 82ms[2m (next.js: 75ms, application-code: 7ms)[22m
 GET /api/public/wallet?userId=1 [32m200[39m in 11ms[2m (next.js: 3ms, application-code: 9ms)[22m
 GET /api/public/pass/policies [32m200[39m in 24ms[2m (next.js: 11ms, application-code: 12ms)[22m
 GET /api/public/attendance/status?userId=1 [32m200[39m in 13ms[2m (next.js: 5ms, application-code: 9ms)[22m
 GET /api/public/wallet?userId=1 [32m200[39m in 19ms[2m (next.js: 5ms, application-code: 15ms)[22m
 GET /api/public/wallet?userId=1 [32m200[39m in 10ms[2m (next.js: 3ms, application-code: 7ms)[22m
 GET /api/public/wallet?userId=1 [32m200[39m in 17ms[2m (next.js: 4ms, application-code: 13ms)[22m
 GET /api/public/pass/status?userId=1 [32m200[39m in 14ms[2m (next.js: 4ms, application-code: 10ms)[22m
 GET /api/public/wallet?userId=1 [32m200[39m in 7ms[2m (next.js: 1863µs, application-code: 6ms)[22m
 GET /api/public/pass/status?userId=1 [32m200[39m in 6ms[2m (next.js: 1684µs, application-code: 5ms)[22m
 GET /api/public/wallet?userId=1 [32m200[39m in 17ms[2m (next.js: 4ms, application-code: 13ms)[22m
 GET /api/public/wallet?userId=1 [32m200[39m in 18ms[2m (next.js: 4ms, application-code: 15ms)[22m
 GET /api/public/wallet?userId=1 [32m200[39m in 17ms[2m (next.js: 4ms, application-code: 13ms)[22m
 GET /api/public/pass/policies [32m200[39m in 29ms[2m (next.js: 13ms, application-code: 16ms)[22m
 GET /api/public/healing-quotes [32m200[39m in 46ms[2m (next.js: 38ms, application-code: 8ms)[22m
 GET /api/public/attendance/status?userId=1 [32m200[39m in 34ms[2m (next.js: 23ms, application-code: 12ms)[22m
 GET /api/public/notifications?userId=1&limit=50 [32m200[39m in 33ms[2m (next.js: 21ms, application-code: 12ms)[22m
 GET /api/public/wishes/my [33m401[39m in 29ms[2m (next.js: 23ms, application-code: 6ms)[22m
 GET /api/public/wallet?userId=1 [32m200[39m in 29ms[2m (next.js: 19ms, application-code: 10ms)[22m
 GET /api/public/intro-config [32m200[39m in 27ms[2m (next.js: 20ms, application-code: 7ms)[22m
 GET /api/public/page-configs/home [32m200[39m in 27ms[2m (next.js: 12ms, application-code: 15ms)[22m
 GET /api/public/pass/policies [32m200[39m in 16ms[2m (next.js: 4ms, application-code: 12ms)[22m
 GET /api/public/pass/status?userId=1 [32m200[39m in 15ms[2m (next.js: 4ms, application-code: 11ms)[22m
 GET /api/public/attendance/status?userId=1 [32m200[39m in 17ms[2m (next.js: 7ms, application-code: 10ms)[22m
 GET /api/public/wallet?userId=1 [32m200[39m in 19ms[2m (next.js: 4ms, application-code: 14ms)[22m
 GET /api/public/pass/status?userId=1 [32m200[39m in 18ms[2m (next.js: 4ms, application-code: 15ms)[22m
 GET /api/public/wallet?userId=1 [32m200[39m in 18ms[2m (next.js: 4ms, application-code: 14ms)[22m
 GET /api/public/wallet?userId=1 [32m200[39m in 22ms[2m (next.js: 4ms, application-code: 18ms)[22m
 GET /api/public/wallet?userId=1 [32m200[39m in 19ms[2m (next.js: 5ms, application-code: 13ms)[22m
 GET /api/public/wallet?userId=1 [32m200[39m in 22ms[2m (next.js: 6ms, application-code: 17ms)[22m
 GET /api/public/intro-config [32m200[39m in 32ms[2m (next.js: 23ms, application-code: 9ms)[22m
 GET /api/public/wallet?userId=1 [32m200[39m in 21ms[2m (next.js: 7ms, application-code: 14ms)[22m
 GET /api/public/healing-quotes [32m200[39m in 32ms[2m (next.js: 23ms, application-code: 10ms)[22m
 GET /api/public/pass/policies [32m200[39m in 19ms[2m (next.js: 8ms, application-code: 11ms)[22m
 GET /api/public/wishes/my [33m401[39m in 30ms[2m (next.js: 25ms, application-code: 6ms)[22m
 GET /api/public/attendance/status?userId=1 [32m200[39m in 22ms[2m (next.js: 14ms, application-code: 8ms)[22m
 GET /api/public/page-configs/home [32m200[39m in 28ms[2m (next.js: 15ms, application-code: 13ms)[22m
 GET /api/public/notifications?userId=1&limit=50 [32m200[39m in 25ms[2m (next.js: 19ms, application-code: 7ms)[22m
 GET /api/public/wallet?userId=1 [32m200[39m in 17ms[2m (next.js: 4ms, application-code: 13ms)[22m
 GET /api/public/pass/policies [32m200[39m in 16ms[2m (next.js: 4ms, application-code: 12ms)[22m
 GET /api/public/attendance/status?userId=1 [32m200[39m in 13ms[2m (next.js: 4ms, application-code: 9ms)[22m
 GET /api/public/wallet?userId=1 [32m200[39m in 16ms[2m (next.js: 4ms, application-code: 13ms)[22m
 GET /api/public/pass/status?userId=1 [32m200[39m in 14ms[2m (next.js: 4ms, application-code: 10ms)[22m
 GET /api/public/wallet?userId=1 [32m200[39m in 16ms[2m (next.js: 4ms, application-code: 13ms)[22m
 GET /api/public/wallet?userId=1 [32m200[39m in 18ms[2m (next.js: 5ms, application-code: 13ms)[22m
 GET /api/public/pass/status?userId=1 [32m200[39m in 31ms[2m (next.js: 19ms, application-code: 11ms)[22m
 GET /api/public/wallet?userId=1 [32m200[39m in 17ms[2m (next.js: 4ms, application-code: 13ms)[22m
 GET /api/public/page-configs/home [32m200[39m in 27ms[2m (next.js: 10ms, application-code: 17ms)[22m
 GET /api/public/pass/policies [32m200[39m in 41ms[2m (next.js: 29ms, application-code: 12ms)[22m
 GET /api/public/intro-config [32m200[39m in 50ms[2m (next.js: 41ms, application-code: 8ms)[22m
 GET /api/public/healing-quotes [32m200[39m in 26ms[2m (next.js: 20ms, application-code: 7ms)[22m
 GET /api/public/wishes/my [33m401[39m in 20ms[2m (next.js: 16ms, application-code: 4ms)[22m
 GET /api/public/wallet?userId=1 [32m200[39m in 18ms[2m (next.js: 11ms, application-code: 7ms)[22m
 GET /api/public/notifications?userId=1&limit=50 [32m200[39m in 17ms[2m (next.js: 13ms, application-code: 5ms)[22m
 GET /api/public/attendance/status?userId=1 [32m200[39m in 13ms[2m (next.js: 9ms, application-code: 4ms)[22m
 GET /api/public/pass/policies [32m200[39m in 15ms[2m (next.js: 9ms, application-code: 7ms)[22m
 GET /api/public/wallet?userId=1 [32m200[39m in 17ms[2m (next.js: 5ms, application-code: 13ms)[22m
 GET /api/public/attendance/status?userId=1 [32m200[39m in 28ms[2m (next.js: 19ms, application-code: 9ms)[22m
 GET /api/public/pass/status?userId=1 [32m200[39m in 14ms[2m (next.js: 4ms, application-code: 10ms)[22m
 GET /api/public/wallet?userId=1 [32m200[39m in 18ms[2m (next.js: 5ms, application-code: 14ms)[22m
 GET /api/public/pass/status?userId=1 [32m200[39m in 15ms[2m (next.js: 4ms, application-code: 11ms)[22m
 GET /api/public/wallet?userId=1 [32m200[39m in 19ms[2m (next.js: 4ms, application-code: 15ms)[22m
 GET /api/public/wallet?userId=1 [32m200[39m in 19ms[2m (next.js: 4ms, application-code: 15ms)[22m
 GET /api/public/wallet?userId=1 [32m200[39m in 19ms[2m (next.js: 4ms, application-code: 15ms)[22m
 GET /api/public/page-configs/home [32m200[39m in 28ms[2m (next.js: 11ms, application-code: 17ms)[22m
 GET /api/public/healing-quotes [32m200[39m in 40ms[2m (next.js: 31ms, application-code: 9ms)[22m
 GET /api/public/pass/policies [32m200[39m in 53ms[2m (next.js: 42ms, application-code: 12ms)[22m
 GET /api/public/wishes/my [33m401[39m in 60ms[2m (next.js: 55ms, application-code: 5ms)[22m
 GET /api/public/attendance/status?userId=1 [32m200[39m in 68ms[2m (next.js: 61ms, application-code: 7ms)[22m
 GET /api/public/notifications?userId=1&limit=50 [32m200[39m in 10ms[2m (next.js: 4ms, application-code: 6ms)[22m
 GET /api/public/wallet?userId=1 [32m200[39m in 17ms[2m (next.js: 4ms, application-code: 13ms)[22m
 GET /api/public/pass/policies [32m200[39m in 17ms[2m (next.js: 4ms, application-code: 13ms)[22m
 GET /api/public/attendance/status?userId=1 [32m200[39m in 14ms[2m (next.js: 4ms, application-code: 10ms)[22m
 GET /api/public/wallet?userId=1 [32m200[39m in 16ms[2m (next.js: 4ms, application-code: 13ms)[22m
 GET /api/public/wallet?userId=1 [32m200[39m in 18ms[2m (next.js: 4ms, application-code: 14ms)[22m
 GET /api/public/pass/status?userId=1 [32m200[39m in 19ms[2m (next.js: 4ms, application-code: 15ms)[22m
 GET /api/public/wallet?userId=1 [32m200[39m in 20ms[2m (next.js: 4ms, application-code: 17ms)[22m
 GET /api/public/pass/status?userId=1 [32m200[39m in 20ms[2m (next.js: 5ms, application-code: 15ms)[22m
 GET /api/public/wallet?userId=1 [32m200[39m in 19ms[2m (next.js: 3ms, application-code: 15ms)[22m
 GET /api/public/wallet?userId=1 [32m200[39m in 20ms[2m (next.js: 6ms, application-code: 14ms)[22m
 GET /api/public/healing-quotes [32m200[39m in 18ms[2m (next.js: 7ms, application-code: 10ms)[22m
 GET /api/public/page-configs/home [32m200[39m in 37ms[2m (next.js: 20ms, application-code: 16ms)[22m
 GET /api/public/intro-config [32m200[39m in 35ms[2m (next.js: 27ms, application-code: 8ms)[22m
 GET /api/public/pass/policies [32m200[39m in 26ms[2m (next.js: 17ms, application-code: 9ms)[22m
 GET /api/public/wishes/my [33m401[39m in 20ms[2m (next.js: 16ms, application-code: 4ms)[22m
 GET /api/public/attendance/status?userId=1 [32m200[39m in 18ms[2m (next.js: 12ms, application-code: 7ms)[22m
 GET /api/public/notifications?userId=1&limit=50 [32m200[39m in 18ms[2m (next.js: 13ms, application-code: 5ms)[22m
 GET /api/public/wallet?userId=1 [32m200[39m in 15ms[2m (next.js: 9ms, application-code: 6ms)[22m
 GET /api/public/wallet?userId=1 [32m200[39m in 20ms[2m (next.js: 7ms, application-code: 14ms)[22m
 GET /api/public/pass/policies [32m200[39m in 36ms[2m (next.js: 23ms, application-code: 13ms)[22m
 GET /api/public/attendance/status?userId=1 [32m200[39m in 47ms[2m (next.js: 38ms, application-code: 8ms)[22m
 GET /api/public/pass/status?userId=1 [32m200[39m in 12ms[2m (next.js: 3ms, application-code: 8ms)[22m
 GET /api/public/wallet?userId=1 [32m200[39m in 20ms[2m (next.js: 5ms, application-code: 15ms)[22m
 GET /api/public/pass/status?userId=1 [32m200[39m in 18ms[2m (next.js: 6ms, application-code: 12ms)[22m
 GET /api/public/wallet?userId=1 [32m200[39m in 18ms[2m (next.js: 4ms, application-code: 14ms)[22m
 GET /api/public/wallet?userId=1 [32m200[39m in 23ms[2m (next.js: 4ms, application-code: 19ms)[22m
 GET /api/public/wallet?userId=1 [32m200[39m in 20ms[2m (next.js: 4ms, application-code: 16ms)[22m
 GET /api/public/intro-config [32m200[39m in 14ms[2m (next.js: 4ms, application-code: 10ms)[22m
[37m[1m○[22m[39m Compiling /login ...
 GET /login [32m200[39m in 5.6s[2m (next.js: 5.2s, application-code: 452ms)[22m
 GET /dashboard [32m200[39m in 1960ms[2m (next.js: 1643ms, application-code: 317ms)[22m
 POST /login [34m303[39m in 2.3s[2m (next.js: 7ms, application-code: 2.3s)[22m
  └─ ƒ login({}, {}) in 184ms [2msrc/app/actions/auth.ts[22m
 GET /reward/policies [32m200[39m in 1704ms[2m (next.js: 1505ms, application-code: 198ms)[22m
 GET /reward/luck-pouch-rules [32m200[39m in 1267ms[2m (next.js: 1189ms, application-code: 79ms)[22m
 GET /reward/missions [32m200[39m in 1289ms[2m (next.js: 1088ms, application-code: 201ms)[22m
 GET /reward/achievements [32m200[39m in 1304ms[2m (next.js: 1184ms, application-code: 120ms)[22m
 GET /reward/fortune-ads [32m200[39m in 1113ms[2m (next.js: 1059ms, application-code: 54ms)[22m
 GET /api/public/pass/policies [32m200[39m in 31ms[2m (next.js: 11ms, application-code: 20ms)[22m
 GET /api/public/page-configs/home [32m200[39m in 55ms[2m (next.js: 36ms, application-code: 19ms)[22m
 GET /api/public/intro-config [32m200[39m in 41ms[2m (next.js: 33ms, application-code: 8ms)[22m
 GET /api/public/wallet?userId=1 [32m200[39m in 30ms[2m (next.js: 19ms, application-code: 11ms)[22m
 GET /api/public/wishes/my [33m401[39m in 26ms[2m (next.js: 20ms, application-code: 5ms)[22m
 GET /api/public/healing-quotes [32m200[39m in 20ms[2m (next.js: 13ms, application-code: 7ms)[22m
 GET /api/public/attendance/status?userId=1 [32m200[39m in 20ms[2m (next.js: 14ms, application-code: 6ms)[22m
 GET /api/public/notifications?userId=1&limit=50 [32m200[39m in 37ms[2m (next.js: 28ms, application-code: 9ms)[22m
 GET /api/public/pass/policies [32m200[39m in 25ms[2m (next.js: 8ms, application-code: 17ms)[22m
 GET /api/public/pass/status?userId=1 [32m200[39m in 18ms[2m (next.js: 6ms, application-code: 13ms)[22m
 GET /api/public/attendance/status?userId=1 [32m200[39m in 48ms[2m (next.js: 37ms, application-code: 11ms)[22m
 GET /api/public/wallet?userId=1 [32m200[39m in 63ms[2m (next.js: 50ms, application-code: 13ms)[22m
 GET /api/public/pass/status?userId=1 [32m200[39m in 33ms[2m (next.js: 4ms, application-code: 29ms)[22m
 GET /api/public/wallet?userId=1 [32m200[39m in 32ms[2m (next.js: 6ms, application-code: 26ms)[22m
 GET /api/public/wallet?userId=1 [32m200[39m in 23ms[2m (next.js: 6ms, application-code: 17ms)[22m
 GET /api/public/wallet?userId=1 [32m200[39m in 20ms[2m (next.js: 5ms, application-code: 15ms)[22m
 GET /api/public/wallet?userId=1 [32m200[39m in 21ms[2m (next.js: 5ms, application-code: 16ms)[22m
 GET /api/public/wishes/my [33m401[39m in 19ms[2m (next.js: 10ms, application-code: 9ms)[22m
 GET /api/public/notifications?userId=1&limit=50 [32m200[39m in 32ms[2m (next.js: 23ms, application-code: 10ms)[22m
 GET /api/public/pass/policies [32m200[39m in 38ms[2m (next.js: 24ms, application-code: 14ms)[22m
 GET /api/public/page-configs/home [32m200[39m in 56ms[2m (next.js: 40ms, application-code: 16ms)[22m
 GET /api/public/attendance/status?userId=1 [32m200[39m in 36ms[2m (next.js: 30ms, application-code: 6ms)[22m
 GET /api/public/healing-quotes [32m200[39m in 36ms[2m (next.js: 30ms, application-code: 7ms)[22m
 GET /api/public/pass/policies [32m200[39m in 34ms[2m (next.js: 27ms, application-code: 6ms)[22m
 GET /api/public/intro-config [32m200[39m in 17ms[2m (next.js: 12ms, application-code: 5ms)[22m
 GET /api/public/wallet?userId=1 [32m200[39m in 38ms[2m (next.js: 19ms, application-code: 19ms)[22m
 GET /api/public/attendance/status?userId=1 [32m200[39m in 15ms[2m (next.js: 5ms, application-code: 10ms)[22m
 GET /api/public/wallet?userId=1 [32m200[39m in 21ms[2m (next.js: 13ms, application-code: 9ms)[22m
 GET /api/public/wallet?userId=1 [32m200[39m in 17ms[2m (next.js: 4ms, application-code: 13ms)[22m
 GET /api/public/pass/status?userId=1 [32m200[39m in 13ms[2m (next.js: 6ms, application-code: 7ms)[22m
 GET /api/public/wallet?userId=1 [32m200[39m in 22ms[2m (next.js: 3ms, application-code: 19ms)[22m
 GET /api/public/pass/status?userId=1 [32m200[39m in 17ms[2m (next.js: 10ms, application-code: 8ms)[22m
 GET /api/public/wallet?userId=1 [32m200[39m in 26ms[2m (next.js: 4ms, application-code: 21ms)[22m
 GET /api/public/wallet?userId=1 [32m200[39m in 16ms[2m (next.js: 7ms, application-code: 9ms)[22m
 GET /api/public/intro-config [32m200[39m in 13ms[2m (next.js: 4ms, application-code: 9ms)[22m
 GET /api/public/intro-config [32m200[39m in 17ms[2m (next.js: 5ms, application-code: 11ms)[22m
 GET /api/public/healing-quotes [32m200[39m in 24ms[2m (next.js: 10ms, application-code: 14ms)[22m
 GET /api/public/intro-config [32m200[39m in 40ms[2m (next.js: 27ms, application-code: 13ms)[22m
 GET /api/public/attendance/status?userId=1 [32m200[39m in 38ms[2m (next.js: 26ms, application-code: 12ms)[22m
 GET /api/public/wallet?userId=1 [32m200[39m in 36ms[2m (next.js: 23ms, application-code: 13ms)[22m
 GET /api/public/notifications?userId=1&limit=50 [32m200[39m in 32ms[2m (next.js: 22ms, application-code: 10ms)[22m
 GET /api/public/page-configs/home [32m200[39m in 32ms[2m (next.js: 17ms, application-code: 15ms)[22m
 GET /api/public/wishes/my [33m401[39m in 29ms[2m (next.js: 24ms, application-code: 5ms)[22m
 GET /api/public/pass/policies [32m200[39m in 23ms[2m (next.js: 11ms, application-code: 12ms)[22m
 GET /api/public/attendance/status?userId=1 [32m200[39m in 17ms[2m (next.js: 5ms, application-code: 12ms)[22m
 GET /api/public/wallet?userId=1 [32m200[39m in 23ms[2m (next.js: 8ms, application-code: 15ms)[22m
 GET /api/public/pass/policies [32m200[39m in 24ms[2m (next.js: 6ms, application-code: 18ms)[22m
 GET /api/public/pass/status?userId=1 [32m200[39m in 38ms[2m (next.js: 26ms, application-code: 11ms)[22m
 GET /api/public/wallet?userId=1 [32m200[39m in 25ms[2m (next.js: 5ms, application-code: 19ms)[22m
 GET /api/public/pass/status?userId=1 [32m200[39m in 18ms[2m (next.js: 5ms, application-code: 13ms)[22m
 GET /api/public/wallet?userId=1 [32m200[39m in 23ms[2m (next.js: 5ms, application-code: 18ms)[22m
 GET /api/public/intro-config [32m200[39m in 13ms[2m (next.js: 4ms, application-code: 10ms)[22m
 GET /api/public/wallet?userId=1 [32m200[39m in 19ms[2m (next.js: 5ms, application-code: 14ms)[22m
 GET /api/public/wallet?userId=1 [32m200[39m in 25ms[2m (next.js: 5ms, application-code: 20ms)[22m
 GET /api/public/wallet?userId=1 [32m200[39m in 24ms[2m (next.js: 9ms, application-code: 15ms)[22m
 GET /api/public/healing-quotes [32m200[39m in 39ms[2m (next.js: 28ms, application-code: 11ms)[22m
 GET /api/public/attendance/status?userId=1 [32m200[39m in 33ms[2m (next.js: 24ms, application-code: 9ms)[22m
 GET /api/public/notifications?userId=1&limit=50 [32m200[39m in 32ms[2m (next.js: 19ms, application-code: 12ms)[22m
 GET /api/public/pass/policies [32m200[39m in 31ms[2m (next.js: 21ms, application-code: 10ms)[22m
 GET /api/public/wishes/my [33m401[39m in 29ms[2m (next.js: 17ms, application-code: 11ms)[22m
 GET /api/public/page-configs/home [32m200[39m in 31ms[2m (next.js: 18ms, application-code: 14ms)[22m
 GET /api/public/wallet?userId=1 [32m200[39m in 24ms[2m (next.js: 5ms, application-code: 19ms)[22m
 GET /api/public/attendance/status?userId=1 [32m200[39m in 21ms[2m (next.js: 7ms, application-code: 14ms)[22m
 GET /api/public/pass/policies [32m200[39m in 37ms[2m (next.js: 23ms, application-code: 13ms)[22m
 GET /api/public/wallet?userId=1 [32m200[39m in 21ms[2m (next.js: 5ms, application-code: 16ms)[22m
 GET /api/public/pass/status?userId=1 [32m200[39m in 23ms[2m (next.js: 10ms, application-code: 13ms)[22m
 GET /api/public/wallet?userId=1 [32m200[39m in 20ms[2m (next.js: 5ms, application-code: 15ms)[22m
 GET /api/public/wallet?userId=1 [32m200[39m in 28ms[2m (next.js: 7ms, application-code: 21ms)[22m
 GET /api/public/pass/status?userId=1 [32m200[39m in 17ms[2m (next.js: 5ms, application-code: 12ms)[22m
 GET /api/public/wallet?userId=1 [32m200[39m in 23ms[2m (next.js: 8ms, application-code: 15ms)[22m
 GET /api/public/intro-config [32m200[39m in 17ms[2m (next.js: 3ms, application-code: 14ms)[22m
 GET /api/public/pass/policies [32m200[39m in 28ms[2m (next.js: 9ms, application-code: 18ms)[22m
 GET /api/public/page-configs/home [32m200[39m in 59ms[2m (next.js: 31ms, application-code: 28ms)[22m
 GET /api/public/intro-config [32m200[39m in 51ms[2m (next.js: 40ms, application-code: 10ms)[22m
 GET /api/public/healing-quotes [32m200[39m in 35ms[2m (next.js: 20ms, application-code: 15ms)[22m
 GET /api/public/notifications?userId=1&limit=50 [32m200[39m in 50ms[2m (next.js: 38ms, application-code: 11ms)[22m
 GET /api/public/pass/policies [32m200[39m in 64ms[2m (next.js: 48ms, application-code: 16ms)[22m
 GET /api/public/wishes/my [33m401[39m in 76ms[2m (next.js: 66ms, application-code: 10ms)[22m
 GET /api/public/wallet?userId=1 [32m200[39m in 69ms[2m (next.js: 44ms, application-code: 25ms)[22m
 GET /api/public/attendance/status?userId=1 [32m200[39m in 50ms[2m (next.js: 38ms, application-code: 12ms)[22m
 GET /api/public/wallet?userId=1 [32m200[39m in 20ms[2m (next.js: 6ms, application-code: 14ms)[22m
 GET /api/public/attendance/status?userId=1 [32m200[39m in 11ms[2m (next.js: 4ms, application-code: 7ms)[22m
 GET /api/public/wallet?userId=1 [32m200[39m in 13ms[2m (next.js: 2ms, application-code: 10ms)[22m
 GET /api/public/pass/status?userId=1 [32m200[39m in 39ms[2m (next.js: 9ms, application-code: 30ms)[22m
 GET /api/public/wallet?userId=1 [32m200[39m in 16ms[2m (next.js: 5ms, application-code: 11ms)[22m
 GET /api/public/pass/status?userId=1 [32m200[39m in 46ms[2m (next.js: 26ms, application-code: 20ms)[22m
 GET /api/public/wallet?userId=1 [32m200[39m in 9ms[2m (next.js: 2ms, application-code: 6ms)[22m
 GET /api/public/wallet?userId=1 [32m200[39m in 8ms[2m (next.js: 2ms, application-code: 6ms)[22m
 GET /api/public/intro-config [32m200[39m in 11ms[2m (next.js: 3ms, application-code: 8ms)[22m
 GET /api/public/intro-config [32m200[39m in 18ms[2m (next.js: 9ms, application-code: 10ms)[22m
 GET /api/public/healing-quotes [32m200[39m in 32ms[2m (next.js: 21ms, application-code: 11ms)[22m
 GET /api/public/page-configs/home [32m200[39m in 33ms[2m (next.js: 21ms, application-code: 12ms)[22m
 GET /api/public/pass/policies [32m200[39m in 43ms[2m (next.js: 25ms, application-code: 18ms)[22m
 GET /api/public/attendance/status?userId=1 [32m200[39m in 48ms[2m (next.js: 38ms, application-code: 10ms)[22m
 GET /api/public/wallet?userId=1 [32m200[39m in 31ms[2m (next.js: 20ms, application-code: 11ms)[22m
 GET /api/public/wishes/my [33m401[39m in 27ms[2m (next.js: 21ms, application-code: 6ms)[22m
 GET /api/public/pass/policies [32m200[39m in 24ms[2m (next.js: 15ms, application-code: 9ms)[22m
 GET /api/public/notifications?userId=1&limit=50 [32m200[39m in 33ms[2m (next.js: 25ms, application-code: 9ms)[22m
 GET /api/public/attendance/status?userId=1 [32m200[39m in 12ms[2m (next.js: 4ms, application-code: 8ms)[22m
 GET /api/public/wallet?userId=1 [32m200[39m in 22ms[2m (next.js: 13ms, application-code: 9ms)[22m
 GET /api/public/wallet?userId=1 [32m200[39m in 12ms[2m (next.js: 3ms, application-code: 9ms)[22m
 GET /api/public/pass/status?userId=1 [32m200[39m in 21ms[2m (next.js: 10ms, application-code: 11ms)[22m
 GET /api/public/wallet?userId=1 [32m200[39m in 14ms[2m (next.js: 5ms, application-code: 9ms)[22m
 GET /api/public/pass/status?userId=1 [32m200[39m in 25ms[2m (next.js: 18ms, application-code: 7ms)[22m
 GET /api/public/wallet?userId=1 [32m200[39m in 10ms[2m (next.js: 3ms, application-code: 8ms)[22m
 GET /api/public/wallet?userId=1 [32m200[39m in 32ms[2m (next.js: 25ms, application-code: 8ms)[22m
 GET /api/public/page-configs/home [32m200[39m in 20ms[2m (next.js: 6ms, application-code: 14ms)[22m
 GET /api/public/pass/policies [32m200[39m in 31ms[2m (next.js: 24ms, application-code: 7ms)[22m
 GET /api/public/intro-config [32m200[39m in 34ms[2m (next.js: 21ms, application-code: 14ms)[22m
 GET /api/public/wallet?userId=1 [32m200[39m in 42ms[2m (next.js: 27ms, application-code: 15ms)[22m
 GET /api/public/attendance/status?userId=1 [32m200[39m in 36ms[2m (next.js: 26ms, application-code: 11ms)[22m
 GET /api/public/wishes/my [33m401[39m in 27ms[2m (next.js: 20ms, application-code: 8ms)[22m
 GET /api/public/pass/policies [32m200[39m in 25ms[2m (next.js: 16ms, application-code: 10ms)[22m
 GET /api/public/healing-quotes [32m200[39m in 34ms[2m (next.js: 26ms, application-code: 8ms)[22m
 GET /api/public/notifications?userId=1&limit=50 [32m200[39m in 34ms[2m (next.js: 26ms, application-code: 7ms)[22m
 GET /api/public/wallet?userId=1 [32m200[39m in 22ms[2m (next.js: 14ms, application-code: 9ms)[22m
 GET /api/public/attendance/status?userId=1 [32m200[39m in 18ms[2m (next.js: 13ms, application-code: 5ms)[22m
 GET /api/public/wallet?userId=1 [32m200[39m in 14ms[2m (next.js: 2ms, application-code: 12ms)[22m
 GET /api/public/pass/status?userId=1 [32m200[39m in 28ms[2m (next.js: 5ms, application-code: 22ms)[22m
 GET /api/public/wallet?userId=1 [32m200[39m in 20ms[2m (next.js: 6ms, application-code: 14ms)[22m
 GET /api/public/pass/status?userId=1 [32m200[39m in 51ms[2m (next.js: 22ms, application-code: 29ms)[22m
 GET /api/public/wallet?userId=1 [32m200[39m in 15ms[2m (next.js: 3ms, application-code: 12ms)[22m
 GET /api/public/wallet?userId=1 [32m200[39m in 21ms[2m (next.js: 12ms, application-code: 8ms)[22m
 GET /api/public/intro-config [32m200[39m in 7ms[2m (next.js: 2ms, application-code: 5ms)[22m
 GET /api/public/intro-config [32m200[39m in 19ms[2m (next.js: 9ms, application-code: 11ms)[22m
 GET /api/public/pass/policies [32m200[39m in 33ms[2m (next.js: 22ms, application-code: 11ms)[22m
 GET /api/public/page-configs/home [32m200[39m in 37ms[2m (next.js: 21ms, application-code: 16ms)[22m
 GET /api/public/attendance/status?userId=1 [32m200[39m in 32ms[2m (next.js: 25ms, application-code: 7ms)[22m
 GET /api/public/healing-quotes [32m200[39m in 27ms[2m (next.js: 16ms, application-code: 11ms)[22m
 GET /api/public/wishes/my [33m401[39m in 32ms[2m (next.js: 24ms, application-code: 8ms)[22m
 GET /api/public/pass/policies [32m200[39m in 41ms[2m (next.js: 27ms, application-code: 14ms)[22m
 GET /api/public/notifications?userId=1&limit=50 [32m200[39m in 52ms[2m (next.js: 43ms, application-code: 9ms)[22m
 GET /api/public/wallet?userId=1 [32m200[39m in 45ms[2m (next.js: 34ms, application-code: 11ms)[22m
 GET /api/public/attendance/status?userId=1 [32m200[39m in 24ms[2m (next.js: 17ms, application-code: 6ms)[22m
 GET /api/public/wallet?userId=1 [32m200[39m in 16ms[2m (next.js: 3ms, application-code: 13ms)[22m
 GET /api/public/wallet?userId=1 [32m200[39m in 13ms[2m (next.js: 3ms, application-code: 10ms)[22m
 GET /api/public/pass/status?userId=1 [32m200[39m in 22ms[2m (next.js: 9ms, application-code: 13ms)[22m
 GET /api/public/wallet?userId=1 [32m200[39m in 15ms[2m (next.js: 5ms, application-code: 10ms)[22m
 GET /api/public/pass/status?userId=1 [32m200[39m in 31ms[2m (next.js: 20ms, application-code: 11ms)[22m
 GET /api/public/wallet?userId=1 [32m200[39m in 21ms[2m (next.js: 4ms, application-code: 16ms)[22m
 GET /api/public/wallet?userId=1 [32m200[39m in 14ms[2m (next.js: 3ms, application-code: 10ms)[22m
 GET /api/public/intro-config [32m200[39m in 12ms[2m (next.js: 4ms, application-code: 8ms)[22m
 GET /api/public/pass/policies [32m200[39m in 24ms[2m (next.js: 10ms, application-code: 14ms)[22m
 GET /api/public/intro-config [32m200[39m in 40ms[2m (next.js: 27ms, application-code: 13ms)[22m
 GET /api/public/notifications?userId=1&limit=50 [32m200[39m in 32ms[2m (next.js: 25ms, application-code: 7ms)[22m
 GET /api/public/wishes/my [33m401[39m in 29ms[2m (next.js: 17ms, application-code: 11ms)[22m
 GET /api/public/attendance/status?userId=1 [32m200[39m in 31ms[2m (next.js: 21ms, application-code: 9ms)[22m
 GET /api/public/pass/policies [32m200[39m in 30ms[2m (next.js: 20ms, application-code: 11ms)[22m
 GET /api/public/wallet?userId=1 [32m200[39m in 42ms[2m (next.js: 32ms, application-code: 10ms)[22m
 GET /api/public/healing-quotes [32m200[39m in 38ms[2m (next.js: 31ms, application-code: 8ms)[22m
 GET /api/public/page-configs/home [32m200[39m in 23ms[2m (next.js: 14ms, application-code: 9ms)[22m
 GET /api/public/attendance/status?userId=1 [32m200[39m in 22ms[2m (next.js: 6ms, application-code: 17ms)[22m
 GET /api/public/wallet?userId=1 [32m200[39m in 33ms[2m (next.js: 25ms, application-code: 8ms)[22m
 GET /api/public/wallet?userId=1 [32m200[39m in 12ms[2m (next.js: 3ms, application-code: 9ms)[22m
 GET /api/public/pass/status?userId=1 [32m200[39m in 16ms[2m (next.js: 6ms, application-code: 10ms)[22m
 GET /api/public/wallet?userId=1 [32m200[39m in 16ms[2m (next.js: 3ms, application-code: 13ms)[22m
 GET /api/public/pass/status?userId=1 [32m200[39m in 16ms[2m (next.js: 5ms, application-code: 12ms)[22m
 GET /api/public/wallet?userId=1 [32m200[39m in 12ms[2m (next.js: 3ms, application-code: 9ms)[22m
 GET /api/public/wallet?userId=1 [32m200[39m in 13ms[2m (next.js: 4ms, application-code: 9ms)[22m
 GET /api/public/intro-config [32m200[39m in 11ms[2m (next.js: 4ms, application-code: 7ms)[22m
 GET /api/public/wallet?userId=1 [32m200[39m in 24ms[2m (next.js: 10ms, application-code: 14ms)[22m
 GET /api/public/healing-quotes [32m200[39m in 41ms[2m (next.js: 29ms, application-code: 11ms)[22m
 GET /api/public/page-configs/home [32m200[39m in 41ms[2m (next.js: 26ms, application-code: 15ms)[22m
 GET /api/public/pass/policies [32m200[39m in 50ms[2m (next.js: 38ms, application-code: 12ms)[22m
 GET /api/public/intro-config [32m200[39m in 36ms[2m (next.js: 29ms, application-code: 7ms)[22m
 GET /api/public/wallet?userId=1 [32m200[39m in 32ms[2m (next.js: 22ms, application-code: 10ms)[22m
 GET /api/public/notifications?userId=1&limit=50 [32m200[39m in 44ms[2m (next.js: 34ms, application-code: 10ms)[22m
 GET /api/public/wishes/my [33m401[39m in 44ms[2m (next.js: 31ms, application-code: 13ms)[22m
 GET /api/public/attendance/status?userId=1 [32m200[39m in 50ms[2m (next.js: 40ms, application-code: 10ms)[22m
 GET /api/public/pass/policies [32m200[39m in 50ms[2m (next.js: 37ms, application-code: 13ms)[22m
 GET /api/public/wallet?userId=1 [32m200[39m in 31ms[2m (next.js: 19ms, application-code: 12ms)[22m
 GET /api/public/attendance/status?userId=1 [32m200[39m in 12ms[2m (next.js: 3ms, application-code: 9ms)[22m
 GET /api/public/wallet?userId=1 [32m200[39m in 34ms[2m (next.js: 5ms, application-code: 29ms)[22m
 GET /api/public/pass/status?userId=1 [32m200[39m in 17ms[2m (next.js: 4ms, application-code: 13ms)[22m
 GET /api/public/wallet?userId=1 [32m200[39m in 20ms[2m (next.js: 4ms, application-code: 16ms)[22m
 GET /api/public/pass/status?userId=1 [32m200[39m in 7ms[2m (next.js: 2ms, application-code: 5ms)[22m
 GET /api/public/wallet?userId=1 [32m200[39m in 8ms[2m (next.js: 2ms, application-code: 6ms)[22m
 GET /api/public/wishes/my [33m401[39m in 21ms[2m (next.js: 10ms, application-code: 11ms)[22m
 GET /api/public/attendance/status?userId=1 [32m200[39m in 27ms[2m (next.js: 22ms, application-code: 6ms)[22m
 GET /api/public/healing-quotes [32m200[39m in 13ms[2m (next.js: 5ms, application-code: 8ms)[22m
 GET /api/public/pass/policies [32m200[39m in 21ms[2m (next.js: 14ms, application-code: 7ms)[22m
 GET /api/public/intro-config [32m200[39m in 19ms[2m (next.js: 14ms, application-code: 5ms)[22m
 GET /api/public/page-configs/home [32m200[39m in 21ms[2m (next.js: 14ms, application-code: 8ms)[22m
 GET /api/public/attendance/status?userId=1 [32m200[39m in 21ms[2m (next.js: 14ms, application-code: 7ms)[22m
 GET /api/public/wallet?userId=1 [32m200[39m in 26ms[2m (next.js: 21ms, application-code: 5ms)[22m
 GET /api/public/notifications?userId=1&limit=50 [32m200[39m in 23ms[2m (next.js: 17ms, application-code: 6ms)[22m
 GET /api/public/pass/policies [32m200[39m in 15ms[2m (next.js: 9ms, application-code: 6ms)[22m
 GET /api/public/wallet?userId=1 [32m200[39m in 7ms[2m (next.js: 1858µs, application-code: 6ms)[22m
 GET /api/public/wallet?userId=1 [32m200[39m in 11ms[2m (next.js: 4ms, application-code: 7ms)[22m
 GET /api/public/pass/status?userId=1 [32m200[39m in 26ms[2m (next.js: 20ms, application-code: 6ms)[22m
 GET /api/public/wallet?userId=1 [32m200[39m in 7ms[2m (next.js: 1977µs, application-code: 5ms)[22m
 GET /api/public/pass/status?userId=1 [32m200[39m in 7ms[2m (next.js: 1771µs, application-code: 5ms)[22m
 GET /api/public/wallet?userId=1 [32m200[39m in 10ms[2m (next.js: 1716µs, application-code: 8ms)[22m
 GET /api/public/wallet?userId=1 [32m200[39m in 11ms[2m (next.js: 5ms, application-code: 6ms)[22m
 GET /api/public/notifications?userId=1&limit=50 [32m200[39m in 20ms[2m (next.js: 9ms, application-code: 11ms)[22m
 GET /api/public/pass/policies [32m200[39m in 33ms[2m (next.js: 22ms, application-code: 11ms)[22m
 GET /api/public/wishes/my [33m401[39m in 32ms[2m (next.js: 27ms, application-code: 6ms)[22m
 GET /api/public/attendance/status?userId=1 [32m200[39m in 29ms[2m (next.js: 15ms, application-code: 14ms)[22m
 GET /api/public/page-configs/home [32m200[39m in 52ms[2m (next.js: 34ms, application-code: 18ms)[22m
 GET /api/public/intro-config [32m200[39m in 44ms[2m (next.js: 35ms, application-code: 9ms)[22m
 GET /api/public/pass/policies [32m200[39m in 31ms[2m (next.js: 21ms, application-code: 10ms)[22m
 GET /api/public/wallet?userId=1 [32m200[39m in 64ms[2m (next.js: 32ms, application-code: 31ms)[22m
 GET /api/public/attendance/status?userId=1 [32m200[39m in 72ms[2m (next.js: 53ms, application-code: 19ms)[22m
 GET /api/public/healing-quotes [32m200[39m in 80ms[2m (next.js: 74ms, application-code: 6ms)[22m
 GET /api/public/wallet?userId=1 [32m200[39m in 12ms[2m (next.js: 4ms, application-code: 8ms)[22m
 GET /api/public/wallet?userId=1 [32m200[39m in 21ms[2m (next.js: 13ms, application-code: 8ms)[22m
 GET /api/public/pass/status?userId=1 [32m200[39m in 24ms[2m (next.js: 3ms, application-code: 21ms)[22m
 GET /api/public/wallet?userId=1 [32m200[39m in 12ms[2m (next.js: 3ms, application-code: 9ms)[22m
 GET /api/public/pass/status?userId=1 [32m200[39m in 9ms[2m (next.js: 3ms, application-code: 6ms)[22m
 GET /api/public/wallet?userId=1 [32m200[39m in 15ms[2m (next.js: 5ms, application-code: 9ms)[22m
 GET /api/public/wallet?userId=1 [32m200[39m in 15ms[2m (next.js: 9ms, application-code: 6ms)[22m
 GET /api/public/intro-config [32m200[39m in 14ms[2m (next.js: 4ms, application-code: 10ms)[22m
 GET /api/public/intro-config [32m200[39m in 20ms[2m (next.js: 8ms, application-code: 11ms)[22m
 GET /api/public/wallet?userId=1 [32m200[39m in 20ms[2m (next.js: 8ms, application-code: 12ms)[22m
 GET /api/public/attendance/status?userId=1 [32m200[39m in 30ms[2m (next.js: 22ms, application-code: 7ms)[22m
 GET /api/public/healing-quotes [32m200[39m in 30ms[2m (next.js: 24ms, application-code: 6ms)[22m
 GET /api/public/wishes/my [33m401[39m in 20ms[2m (next.js: 15ms, application-code: 4ms)[22m
 GET /api/public/page-configs/home [32m200[39m in 21ms[2m (next.js: 12ms, application-code: 9ms)[22m
 GET /api/public/wallet?userId=1 [32m200[39m in 22ms[2m (next.js: 15ms, application-code: 6ms)[22m
 GET /api/public/attendance/status?userId=1 [32m200[39m in 27ms[2m (next.js: 23ms, application-code: 4ms)[22m
 GET /api/public/pass/policies [32m200[39m in 23ms[2m (next.js: 17ms, application-code: 5ms)[22m
 GET /api/public/notifications?userId=1&limit=50 [32m200[39m in 27ms[2m (next.js: 23ms, application-code: 4ms)[22m
 GET /api/public/wallet?userId=1 [32m200[39m in 7ms[2m (next.js: 2ms, application-code: 5ms)[22m
 GET /api/public/pass/policies [32m200[39m in 13ms[2m (next.js: 9ms, application-code: 5ms)[22m
 GET /api/public/wallet?userId=1 [32m200[39m in 11ms[2m (next.js: 3ms, application-code: 8ms)[22m
 GET /api/public/wallet?userId=1 [32m200[39m in 18ms[2m (next.js: 2ms, application-code: 15ms)[22m
 GET /api/public/pass/status?userId=1 [32m200[39m in 18ms[2m (next.js: 5ms, application-code: 13ms)[22m
 GET /api/public/wallet?userId=1 [32m200[39m in 17ms[2m (next.js: 4ms, application-code: 13ms)[22m
 GET /api/public/pass/status?userId=1 [32m200[39m in 10ms[2m (next.js: 3ms, application-code: 7ms)[22m
 GET /api/public/intro-config [32m200[39m in 7ms[2m (next.js: 2ms, application-code: 5ms)[22m
 GET /api/public/pass/policies [32m200[39m in 28ms[2m (next.js: 12ms, application-code: 15ms)[22m
 GET /api/public/wishes/my [33m401[39m in 36ms[2m (next.js: 32ms, application-code: 3ms)[22m
 GET /api/public/healing-quotes [32m200[39m in 21ms[2m (next.js: 10ms, application-code: 11ms)[22m
 GET /api/public/wallet?userId=1 [32m200[39m in 13ms[2m (next.js: 7ms, application-code: 6ms)[22m
 GET /api/public/intro-config [32m200[39m in 17ms[2m (next.js: 14ms, application-code: 4ms)[22m
 GET /api/public/pass/policies [32m200[39m in 30ms[2m (next.js: 25ms, application-code: 5ms)[22m
 GET /api/public/notifications?userId=1&limit=50 [32m200[39m in 35ms[2m (next.js: 31ms, application-code: 4ms)[22m
 GET /api/public/attendance/status?userId=1 [32m200[39m in 23ms[2m (next.js: 19ms, application-code: 4ms)[22m
 GET /api/public/page-configs/home [32m200[39m in 18ms[2m (next.js: 11ms, application-code: 6ms)[22m
 GET /api/public/wallet?userId=1 [32m200[39m in 15ms[2m (next.js: 10ms, application-code: 5ms)[22m
 GET /api/public/attendance/status?userId=1 [32m200[39m in 5ms[2m (next.js: 1703µs, application-code: 4ms)[22m
 GET /api/public/wallet?userId=1 [32m200[39m in 9ms[2m (next.js: 2ms, application-code: 7ms)[22m
 GET /api/public/pass/status?userId=1 [32m200[39m in 20ms[2m (next.js: 8ms, application-code: 11ms)[22m
 GET /api/public/wallet?userId=1 [32m200[39m in 11ms[2m (next.js: 3ms, application-code: 8ms)[22m
 GET /api/public/pass/status?userId=1 [32m200[39m in 20ms[2m (next.js: 9ms, application-code: 11ms)[22m
 GET /api/public/wallet?userId=1 [32m200[39m in 13ms[2m (next.js: 3ms, application-code: 10ms)[22m
 GET /api/public/wallet?userId=1 [32m200[39m in 13ms[2m (next.js: 3ms, application-code: 10ms)[22m
 GET /api/public/intro-config [32m200[39m in 12ms[2m (next.js: 4ms, application-code: 8ms)[22m
 GET /api/public/wishes/my [33m401[39m in 18ms[2m (next.js: 9ms, application-code: 9ms)[22m
 GET /api/public/healing-quotes [32m200[39m in 33ms[2m (next.js: 22ms, application-code: 11ms)[22m
 GET /api/public/wallet?userId=1 [32m200[39m in 41ms[2m (next.js: 27ms, application-code: 14ms)[22m
 GET /api/public/attendance/status?userId=1 [32m200[39m in 31ms[2m (next.js: 23ms, application-code: 8ms)[22m
 GET /api/public/intro-config [32m200[39m in 26ms[2m (next.js: 19ms, application-code: 7ms)[22m
 GET /api/public/page-configs/home [32m200[39m in 32ms[2m (next.js: 18ms, application-code: 14ms)[22m
 GET /api/public/pass/policies [32m200[39m in 32ms[2m (next.js: 21ms, application-code: 11ms)[22m
 GET /api/public/notifications?userId=1&limit=50 [32m200[39m in 23ms[2m (next.js: 16ms, application-code: 8ms)[22m
 GET /api/public/wallet?userId=1 [32m200[39m in 22ms[2m (next.js: 5ms, application-code: 17ms)[22m
 GET /api/public/attendance/status?userId=1 [32m200[39m in 20ms[2m (next.js: 5ms, application-code: 15ms)[22m
 GET /api/public/pass/policies [32m200[39m in 23ms[2m (next.js: 6ms, application-code: 17ms)[22m
 GET /api/public/pass/status?userId=1 [32m200[39m in 38ms[2m (next.js: 25ms, application-code: 13ms)[22m
 GET /api/public/wallet?userId=1 [32m200[39m in 20ms[2m (next.js: 4ms, application-code: 17ms)[22m
 GET /api/public/pass/status?userId=1 [32m200[39m in 19ms[2m (next.js: 8ms, application-code: 11ms)[22m
 GET /api/public/wallet?userId=1 [32m200[39m in 19ms[2m (next.js: 5ms, application-code: 14ms)[22m
 GET /api/public/wallet?userId=1 [32m200[39m in 22ms[2m (next.js: 5ms, application-code: 17ms)[22m
 GET /api/public/wallet?userId=1 [32m200[39m in 25ms[2m (next.js: 5ms, application-code: 20ms)[22m
 GET /api/public/healing-quotes [32m200[39m in 19ms[2m (next.js: 9ms, application-code: 11ms)[22m
 GET /api/public/pass/policies [32m200[39m in 40ms[2m (next.js: 23ms, application-code: 18ms)[22m
 GET /api/public/attendance/status?userId=1 [32m200[39m in 38ms[2m (next.js: 30ms, application-code: 8ms)[22m
 GET /api/public/notifications?userId=1&limit=50 [32m200[39m in 32ms[2m (next.js: 21ms, application-code: 11ms)[22m
 GET /api/public/wishes/my [33m401[39m in 34ms[2m (next.js: 25ms, application-code: 8ms)[22m
 GET /api/public/page-configs/home [32m200[39m in 37ms[2m (next.js: 23ms, application-code: 13ms)[22m
 GET /api/public/wallet?userId=1 [32m200[39m in 32ms[2m (next.js: 21ms, application-code: 11ms)[22m
 GET /api/public/pass/policies [32m200[39m in 23ms[2m (next.js: 5ms, application-code: 18ms)[22m
 GET /api/public/attendance/status?userId=1 [32m200[39m in 18ms[2m (next.js: 4ms, application-code: 13ms)[22m
 GET /api/public/wallet?userId=1 [32m200[39m in 20ms[2m (next.js: 5ms, application-code: 15ms)[22m
 GET /api/public/pass/status?userId=1 [32m200[39m in 18ms[2m (next.js: 7ms, application-code: 11ms)[22m
 GET /api/public/wallet?userId=1 [32m200[39m in 17ms[2m (next.js: 4ms, application-code: 13ms)[22m
 GET /api/public/pass/status?userId=1 [32m200[39m in 18ms[2m (next.js: 5ms, application-code: 13ms)[22m
 GET /api/public/wallet?userId=1 [32m200[39m in 20ms[2m (next.js: 5ms, application-code: 15ms)[22m
 GET /api/public/wallet?userId=1 [32m200[39m in 19ms[2m (next.js: 4ms, application-code: 14ms)[22m
 GET /api/public/wallet?userId=1 [32m200[39m in 25ms[2m (next.js: 5ms, application-code: 20ms)[22m
 GET /api/public/intro-config [32m200[39m in 19ms[2m (next.js: 8ms, application-code: 11ms)[22m
 GET /api/public/notifications?userId=1&limit=50 [32m200[39m in 39ms[2m (next.js: 26ms, application-code: 13ms)[22m
 GET /api/public/wishes/my [33m401[39m in 35ms[2m (next.js: 26ms, application-code: 8ms)[22m
 GET /api/public/page-configs/home [32m200[39m in 39ms[2m (next.js: 23ms, application-code: 16ms)[22m
 GET /api/public/healing-quotes [32m200[39m in 36ms[2m (next.js: 26ms, application-code: 11ms)[22m
 GET /api/public/pass/policies [32m200[39m in 32ms[2m (next.js: 20ms, application-code: 12ms)[22m
 GET /api/public/wallet?userId=1 [32m200[39m in 31ms[2m (next.js: 19ms, application-code: 12ms)[22m
 GET /api/public/attendance/status?userId=1 [32m200[39m in 26ms[2m (next.js: 17ms, application-code: 9ms)[22m
 GET /api/public/pass/policies [32m200[39m in 23ms[2m (next.js: 5ms, application-code: 18ms)[22m
 GET /api/public/pass/status?userId=1 [32m200[39m in 24ms[2m (next.js: 11ms, application-code: 13ms)[22m
 GET /api/public/wallet?userId=1 [32m200[39m in 44ms[2m (next.js: 27ms, application-code: 17ms)[22m
 GET /api/public/attendance/status?userId=1 [32m200[39m in 56ms[2m (next.js: 46ms, application-code: 10ms)[22m
 GET /api/public/pass/status?userId=1 [32m200[39m in 21ms[2m (next.js: 5ms, application-code: 16ms)[22m
 GET /api/public/wallet?userId=1 [32m200[39m in 22ms[2m (next.js: 4ms, application-code: 18ms)[22m
 GET /api/public/wallet?userId=1 [32m200[39m in 20ms[2m (next.js: 5ms, application-code: 15ms)[22m
 GET /api/public/wallet?userId=1 [32m200[39m in 19ms[2m (next.js: 4ms, application-code: 15ms)[22m
 GET /api/public/intro-config [32m200[39m in 20ms[2m (next.js: 5ms, application-code: 15ms)[22m
 GET /api/public/wallet?userId=1 [32m200[39m in 20ms[2m (next.js: 6ms, application-code: 15ms)[22m
 GET /api/public/page-configs/home [32m200[39m in 37ms[2m (next.js: 14ms, application-code: 22ms)[22m
 GET /api/public/pass/policies [32m200[39m in 55ms[2m (next.js: 40ms, application-code: 15ms)[22m
 GET /api/public/healing-quotes [32m200[39m in 37ms[2m (next.js: 29ms, application-code: 8ms)[22m
 GET /api/public/wallet?userId=1 [32m200[39m in 30ms[2m (next.js: 19ms, application-code: 11ms)[22m
 GET /api/public/attendance/status?userId=1 [32m200[39m in 26ms[2m (next.js: 20ms, application-code: 6ms)[22m
 GET /api/public/notifications?userId=1&limit=50 [32m200[39m in 22ms[2m (next.js: 16ms, application-code: 6ms)[22m
 GET /api/public/intro-config [32m200[39m in 22ms[2m (next.js: 15ms, application-code: 7ms)[22m
 GET /api/public/wishes/my [33m401[39m in 18ms[2m (next.js: 14ms, application-code: 4ms)[22m
 GET /api/public/pass/policies [32m200[39m in 21ms[2m (next.js: 6ms, application-code: 15ms)[22m
 GET /api/public/pass/status?userId=1 [32m200[39m in 40ms[2m (next.js: 27ms, application-code: 13ms)[22m
 GET /api/public/wallet?userId=1 [32m200[39m in 19ms[2m (next.js: 5ms, application-code: 14ms)[22m
 GET /api/public/attendance/status?userId=1 [32m200[39m in 30ms[2m (next.js: 20ms, application-code: 10ms)[22m
 GET /api/public/pass/status?userId=1 [32m200[39m in 17ms[2m (next.js: 5ms, application-code: 13ms)[22m
 GET /api/public/wallet?userId=1 [32m200[39m in 20ms[2m (next.js: 5ms, application-code: 15ms)[22m
 GET /api/public/wallet?userId=1 [32m200[39m in 21ms[2m (next.js: 5ms, application-code: 16ms)[22m
 GET /api/public/intro-config [32m200[39m in 21ms[2m (next.js: 5ms, application-code: 16ms)[22m
 GET /api/public/wallet?userId=1 [32m200[39m in 20ms[2m (next.js: 5ms, application-code: 15ms)[22m
 GET /api/public/wallet?userId=1 [32m200[39m in 23ms[2m (next.js: 5ms, application-code: 19ms)[22m
 GET /api/public/attendance/status?userId=1 [32m200[39m in 30ms[2m (next.js: 13ms, application-code: 17ms)[22m
 GET /api/public/healing-quotes [32m200[39m in 42ms[2m (next.js: 31ms, application-code: 11ms)[22m
 GET /api/public/wishes/my [33m401[39m in 30ms[2m (next.js: 22ms, application-code: 9ms)[22m
 GET /api/public/wallet?userId=1 [32m200[39m in 32ms[2m (next.js: 18ms, application-code: 14ms)[22m
 GET /api/public/notifications?userId=1&limit=50 [32m200[39m in 33ms[2m (next.js: 26ms, application-code: 7ms)[22m
 GET /api/public/attendance/status?userId=1 [32m200[39m in 25ms[2m (next.js: 17ms, application-code: 8ms)[22m
 GET /api/public/page-configs/home [32m200[39m in 39ms[2m (next.js: 26ms, application-code: 13ms)[22m
 GET /api/public/pass/policies [32m200[39m in 50ms[2m (next.js: 36ms, application-code: 14ms)[22m
 GET /api/public/wallet?userId=1 [32m200[39m in 17ms[2m (next.js: 4ms, application-code: 13ms)[22m
 GET /api/public/pass/policies [32m200[39m in 14ms[2m (next.js: 4ms, application-code: 11ms)[22m
 GET /api/public/wallet?userId=1 [32m200[39m in 16ms[2m (next.js: 4ms, application-code: 12ms)[22m
 GET /api/public/wallet?userId=1 [32m200[39m in 28ms[2m (next.js: 6ms, application-code: 23ms)[22m
 GET /api/public/pass/status?userId=1 [32m200[39m in 34ms[2m (next.js: 26ms, application-code: 8ms)[22m
 GET /api/public/wallet?userId=1 [32m200[39m in 14ms[2m (next.js: 6ms, application-code: 8ms)[22m
 GET /api/public/pass/status?userId=1 [32m200[39m in 9ms[2m (next.js: 3ms, application-code: 6ms)[22m
 GET /api/public/wallet?userId=1 [32m200[39m in 38ms[2m (next.js: 3ms, application-code: 35ms)[22m
 GET /api/public/pass/policies [32m200[39m in 16ms[2m (next.js: 4ms, application-code: 12ms)[22m
 GET /api/public/healing-quotes [32m200[39m in 38ms[2m (next.js: 25ms, application-code: 13ms)[22m
 GET /api/public/page-configs/home [32m200[39m in 16ms[2m (next.js: 6ms, application-code: 10ms)[22m
 GET /api/public/wallet?userId=1 [32m200[39m in 21ms[2m (next.js: 16ms, application-code: 5ms)[22m
 GET /api/public/wishes/my [33m401[39m in 25ms[2m (next.js: 22ms, application-code: 3ms)[22m
 GET /api/public/notifications?userId=1&limit=50 [32m200[39m in 30ms[2m (next.js: 26ms, application-code: 4ms)[22m
 GET /api/public/attendance/status?userId=1 [32m200[39m in 35ms[2m (next.js: 31ms, application-code: 4ms)[22m
 GET /api/public/pass/policies [32m200[39m in 44ms[2m (next.js: 35ms, application-code: 9ms)[22m
 GET /api/public/wallet?userId=1 [32m200[39m in 8ms[2m (next.js: 3ms, application-code: 5ms)[22m
 GET /api/public/attendance/status?userId=1 [32m200[39m in 13ms[2m (next.js: 8ms, application-code: 4ms)[22m
 GET /api/public/wallet?userId=1 [32m200[39m in 8ms[2m (next.js: 1767µs, application-code: 6ms)[22m
 GET /api/public/pass/status?userId=1 [32m200[39m in 14ms[2m (next.js: 4ms, application-code: 10ms)[22m
 GET /api/public/wallet?userId=1 [32m200[39m in 13ms[2m (next.js: 3ms, application-code: 10ms)[22m
 GET /api/public/pass/status?userId=1 [32m200[39m in 15ms[2m (next.js: 5ms, application-code: 10ms)[22m
 GET /api/public/wallet?userId=1 [32m200[39m in 19ms[2m (next.js: 1964µs, application-code: 17ms)[22m
 GET /api/public/wallet?userId=1 [32m200[39m in 8ms[2m (next.js: 2ms, application-code: 6ms)[22m
 GET /api/public/pass/policies [32m200[39m in 27ms[2m (next.js: 14ms, application-code: 13ms)[22m
 GET /api/public/healing-quotes [32m200[39m in 38ms[2m (next.js: 29ms, application-code: 9ms)[22m
 GET /api/public/intro-config [32m200[39m in 52ms[2m (next.js: 43ms, application-code: 9ms)[22m
 GET /api/public/attendance/status?userId=1 [32m200[39m in 28ms[2m (next.js: 19ms, application-code: 8ms)[22m
 GET /api/public/notifications?userId=1&limit=50 [32m200[39m in 25ms[2m (next.js: 17ms, application-code: 7ms)[22m
 GET /api/public/wallet?userId=1 [32m200[39m in 25ms[2m (next.js: 16ms, application-code: 9ms)[22m
 GET /api/public/page-configs/home [32m200[39m in 40ms[2m (next.js: 24ms, application-code: 17ms)[22m
 GET /api/public/wishes/my [33m401[39m in 39ms[2m (next.js: 32ms, application-code: 8ms)[22m
 GET /api/public/pass/policies [32m200[39m in 20ms[2m (next.js: 6ms, application-code: 14ms)[22m
 GET /api/public/pass/status?userId=1 [32m200[39m in 19ms[2m (next.js: 5ms, application-code: 15ms)[22m
 GET /api/public/wallet?userId=1 [32m200[39m in 24ms[2m (next.js: 6ms, application-code: 18ms)[22m
 GET /api/public/attendance/status?userId=1 [32m200[39m in 39ms[2m (next.js: 26ms, application-code: 13ms)[22m
 GET /api/public/pass/status?userId=1 [32m200[39m in 21ms[2m (next.js: 5ms, application-code: 16ms)[22m
 GET /api/public/wallet?userId=1 [32m200[39m in 22ms[2m (next.js: 5ms, application-code: 17ms)[22m
 GET /api/public/wallet?userId=1 [32m200[39m in 22ms[2m (next.js: 8ms, application-code: 14ms)[22m
 GET /api/public/wallet?userId=1 [32m200[39m in 20ms[2m (next.js: 4ms, application-code: 16ms)[22m
 GET /api/public/wallet?userId=1 [32m200[39m in 23ms[2m (next.js: 5ms, application-code: 19ms)[22m
 GET /api/public/healing-quotes [32m200[39m in 25ms[2m (next.js: 10ms, application-code: 15ms)[22m
 GET /api/public/page-configs/home [32m200[39m in 47ms[2m (next.js: 27ms, application-code: 20ms)[22m
 GET /api/public/wallet?userId=1 [32m200[39m in 63ms[2m (next.js: 50ms, application-code: 13ms)[22m
 GET /api/public/wishes/my [33m401[39m in 30ms[2m (next.js: 25ms, application-code: 5ms)[22m
 GET /api/public/notifications?userId=1&limit=50 [32m200[39m in 24ms[2m (next.js: 15ms, application-code: 9ms)[22m
 GET /api/public/attendance/status?userId=1 [32m200[39m in 24ms[2m (next.js: 15ms, application-code: 9ms)[22m
 GET /api/public/pass/policies [32m200[39m in 25ms[2m (next.js: 14ms, application-code: 11ms)[22m
 GET /api/public/wallet?userId=1 [32m200[39m in 28ms[2m (next.js: 11ms, application-code: 16ms)[22m
 GET /api/public/pass/policies [32m200[39m in 48ms[2m (next.js: 34ms, application-code: 14ms)[22m
 GET /api/public/attendance/status?userId=1 [32m200[39m in 63ms[2m (next.js: 53ms, application-code: 9ms)[22m
 GET /api/public/wallet?userId=1 [32m200[39m in 22ms[2m (next.js: 7ms, application-code: 15ms)[22m
 GET /api/public/pass/status?userId=1 [32m200[39m in 18ms[2m (next.js: 6ms, application-code: 12ms)[22m
 GET /api/public/wallet?userId=1 [32m200[39m in 19ms[2m (next.js: 4ms, application-code: 15ms)[22m
 GET /api/public/pass/status?userId=1 [32m200[39m in 18ms[2m (next.js: 5ms, application-code: 13ms)[22m
 GET /api/public/wallet?userId=1 [32m200[39m in 23ms[2m (next.js: 4ms, application-code: 19ms)[22m
 GET /api/public/wallet?userId=1 [32m200[39m in 19ms[2m (next.js: 5ms, application-code: 15ms)[22m
 GET /api/public/pass/policies [32m200[39m in 35ms[2m (next.js: 15ms, application-code: 19ms)[22m
 GET /api/public/notifications?userId=1&limit=50 [32m200[39m in 48ms[2m (next.js: 37ms, application-code: 11ms)[22m
 GET /api/public/intro-config [32m200[39m in 57ms[2m (next.js: 49ms, application-code: 8ms)[22m
 GET /api/public/attendance/status?userId=1 [32m200[39m in 32ms[2m (next.js: 24ms, application-code: 8ms)[22m
 GET /api/public/wallet?userId=1 [32m200[39m in 29ms[2m (next.js: 18ms, application-code: 10ms)[22m
 GET /api/public/wishes/my [33m401[39m in 24ms[2m (next.js: 19ms, application-code: 4ms)[22m
 GET /api/public/page-configs/home [32m200[39m in 24ms[2m (next.js: 12ms, application-code: 12ms)[22m
 GET /api/public/healing-quotes [32m200[39m in 26ms[2m (next.js: 21ms, application-code: 5ms)[22m
 GET /api/public/pass/policies [32m200[39m in 23ms[2m (next.js: 5ms, application-code: 18ms)[22m
 GET /api/public/pass/status?userId=1 [32m200[39m in 17ms[2m (next.js: 5ms, application-code: 12ms)[22m
 GET /api/public/attendance/status?userId=1 [32m200[39m in 16ms[2m (next.js: 6ms, application-code: 11ms)[22m
 GET /api/public/wallet?userId=1 [32m200[39m in 18ms[2m (next.js: 4ms, application-code: 14ms)[22m
 GET /api/public/pass/status?userId=1 [32m200[39m in 22ms[2m (next.js: 5ms, application-code: 17ms)[22m
 GET /api/public/wallet?userId=1 [32m200[39m in 19ms[2m (next.js: 5ms, application-code: 14ms)[22m
 GET /api/public/wallet?userId=1 [32m200[39m in 22ms[2m (next.js: 8ms, application-code: 14ms)[22m
 GET /api/public/wallet?userId=1 [32m200[39m in 19ms[2m (next.js: 4ms, application-code: 14ms)[22m
 GET /api/public/wallet?userId=1 [32m200[39m in 19ms[2m (next.js: 5ms, application-code: 13ms)[22m
 GET /api/public/page-configs/home [32m200[39m in 31ms[2m (next.js: 13ms, application-code: 17ms)[22m
 GET /api/public/healing-quotes [32m200[39m in 42ms[2m (next.js: 32ms, application-code: 10ms)[22m
 GET /api/public/pass/policies [32m200[39m in 62ms[2m (next.js: 44ms, application-code: 18ms)[22m
 GET /api/public/attendance/status?userId=1 [32m200[39m in 74ms[2m (next.js: 64ms, application-code: 10ms)[22m
 GET /api/public/wishes/my [33m401[39m in 84ms[2m (next.js: 77ms, application-code: 8ms)[22m
 GET /api/public/notifications?userId=1&limit=50 [32m200[39m in 16ms[2m (next.js: 7ms, application-code: 9ms)[22m
 GET /api/public/wallet?userId=1 [32m200[39m in 18ms[2m (next.js: 4ms, application-code: 13ms)[22m
 GET /api/public/pass/policies [32m200[39m in 19ms[2m (next.js: 5ms, application-code: 14ms)[22m
 GET /api/public/attendance/status?userId=1 [32m200[39m in 14ms[2m (next.js: 4ms, application-code: 10ms)[22m
 GET /api/public/wallet?userId=1 [32m200[39m in 18ms[2m (next.js: 4ms, application-code: 14ms)[22m
 GET /api/public/wallet?userId=1 [32m200[39m in 12ms[2m (next.js: 4ms, application-code: 8ms)[22m
 GET /api/public/pass/status?userId=1 [32m200[39m in 17ms[2m (next.js: 5ms, application-code: 12ms)[22m
 GET /api/public/wallet?userId=1 [32m200[39m in 18ms[2m (next.js: 4ms, application-code: 14ms)[22m
 GET /api/public/pass/status?userId=1 [32m200[39m in 16ms[2m (next.js: 4ms, application-code: 12ms)[22m
 GET /api/public/wallet?userId=1 [32m200[39m in 19ms[2m (next.js: 4ms, application-code: 15ms)[22m
 GET /api/public/wallet?userId=1 [32m200[39m in 19ms[2m (next.js: 5ms, application-code: 14ms)[22m
 GET /api/public/pass/policies [32m200[39m in 24ms[2m (next.js: 9ms, application-code: 15ms)[22m
 GET /api/public/wallet?userId=1 [32m200[39m in 41ms[2m (next.js: 27ms, application-code: 14ms)[22m
 GET /api/public/attendance/status?userId=1 [32m200[39m in 40ms[2m (next.js: 31ms, application-code: 8ms)[22m
 GET /api/public/notifications?userId=1&limit=50 [32m200[39m in 26ms[2m (next.js: 18ms, application-code: 8ms)[22m
 GET /api/public/wishes/my [33m401[39m in 22ms[2m (next.js: 17ms, application-code: 6ms)[22m
 GET /api/public/intro-config [32m200[39m in 26ms[2m (next.js: 14ms, application-code: 12ms)[22m
 GET /api/public/healing-quotes [32m200[39m in 25ms[2m (next.js: 19ms, application-code: 6ms)[22m
 GET /api/public/page-configs/home [32m200[39m in 22ms[2m (next.js: 11ms, application-code: 11ms)[22m
 GET /api/public/pass/policies [32m200[39m in 13ms[2m (next.js: 4ms, application-code: 9ms)[22m
 GET /api/public/wallet?userId=1 [32m200[39m in 13ms[2m (next.js: 3ms, application-code: 10ms)[22m
 GET /api/public/pass/status?userId=1 [32m200[39m in 16ms[2m (next.js: 8ms, application-code: 8ms)[22m
 GET /api/public/attendance/status?userId=1 [32m200[39m in 9ms[2m (next.js: 3ms, application-code: 6ms)[22m
 GET /api/public/wallet?userId=1 [32m200[39m in 10ms[2m (next.js: 2ms, application-code: 7ms)[22m
 GET /api/public/pass/status?userId=1 [32m200[39m in 9ms[2m (next.js: 3ms, application-code: 6ms)[22m
 GET /api/public/wallet?userId=1 [32m200[39m in 19ms[2m (next.js: 3ms, application-code: 16ms)[22m
 GET /api/public/wallet?userId=1 [32m200[39m in 20ms[2m (next.js: 5ms, application-code: 15ms)[22m
 GET /api/public/wallet?userId=1 [32m200[39m in 20ms[2m (next.js: 5ms, application-code: 15ms)[22m
 GET /api/public/notifications?userId=1&limit=50 [32m200[39m in 14ms[2m (next.js: 8ms, application-code: 7ms)[22m
 GET /api/public/attendance/status?userId=1 [32m200[39m in 22ms[2m (next.js: 16ms, application-code: 6ms)[22m
 GET /api/public/pass/policies [32m200[39m in 32ms[2m (next.js: 24ms, application-code: 8ms)[22m
 GET /api/public/healing-quotes [32m200[39m in 48ms[2m (next.js: 41ms, application-code: 6ms)[22m
 GET /api/public/wishes/my [33m401[39m in 54ms[2m (next.js: 49ms, application-code: 5ms)[22m
 GET /api/public/page-configs/home [32m200[39m in 65ms[2m (next.js: 56ms, application-code: 10ms)[22m
 GET /api/public/wallet?userId=1 [32m200[39m in 75ms[2m (next.js: 67ms, application-code: 7ms)[22m
 GET /api/public/attendance/status?userId=1 [32m200[39m in 16ms[2m (next.js: 5ms, application-code: 12ms)[22m
 GET /api/public/pass/policies [32m200[39m in 20ms[2m (next.js: 6ms, application-code: 15ms)[22m
 GET /api/public/wallet?userId=1 [32m200[39m in 24ms[2m (next.js: 5ms, application-code: 19ms)[22m
 GET /api/public/pass/status?userId=1 [32m200[39m in 21ms[2m (next.js: 5ms, application-code: 16ms)[22m
 GET /api/public/wallet?userId=1 [32m200[39m in 19ms[2m (next.js: 5ms, application-code: 15ms)[22m
 GET /api/public/pass/status?userId=1 [32m200[39m in 17ms[2m (next.js: 4ms, application-code: 12ms)[22m
 GET /api/public/wallet?userId=1 [32m200[39m in 19ms[2m (next.js: 4ms, application-code: 15ms)[22m
 GET /api/public/wallet?userId=1 [32m200[39m in 20ms[2m (next.js: 5ms, application-code: 15ms)[22m
 GET /api/public/wallet?userId=1 [32m200[39m in 20ms[2m (next.js: 4ms, application-code: 16ms)[22m
 GET /api/public/pass/policies [32m200[39m in 22ms[2m (next.js: 7ms, application-code: 14ms)[22m
 GET /api/public/healing-quotes [32m200[39m in 32ms[2m (next.js: 22ms, application-code: 10ms)[22m
 GET /api/public/page-configs/home [32m200[39m in 19ms[2m (next.js: 7ms, application-code: 13ms)[22m
 GET /api/public/intro-config [32m200[39m in 37ms[2m (next.js: 30ms, application-code: 7ms)[22m
 GET /api/public/wishes/my [33m401[39m in 22ms[2m (next.js: 17ms, application-code: 5ms)[22m
 GET /api/public/notifications?userId=1&limit=50 [32m200[39m in 19ms[2m (next.js: 13ms, application-code: 6ms)[22m
 GET /api/public/attendance/status?userId=1 [32m200[39m in 27ms[2m (next.js: 13ms, application-code: 14ms)[22m
 GET /api/public/wallet?userId=1 [32m200[39m in 34ms[2m (next.js: 20ms, application-code: 14ms)[22m
 GET /api/public/pass/policies [32m200[39m in 19ms[2m (next.js: 5ms, application-code: 14ms)[22m
 GET /api/public/pass/status?userId=1 [32m200[39m in 16ms[2m (next.js: 5ms, application-code: 11ms)[22m
 GET /api/public/wallet?userId=1 [32m200[39m in 21ms[2m (next.js: 6ms, application-code: 15ms)[22m
 GET /api/public/attendance/status?userId=1 [32m200[39m in 38ms[2m (next.js: 29ms, application-code: 9ms)[22m
 GET /api/public/pass/status?userId=1 [32m200[39m in 15ms[2m (next.js: 4ms, application-code: 11ms)[22m
 GET /api/public/wallet?userId=1 [32m200[39m in 20ms[2m (next.js: 5ms, application-code: 15ms)[22m
 GET /api/public/wallet?userId=1 [32m200[39m in 18ms[2m (next.js: 5ms, application-code: 14ms)[22m
 GET /api/public/wallet?userId=1 [32m200[39m in 17ms[2m (next.js: 3ms, application-code: 14ms)[22m
 GET /api/public/intro-config [32m200[39m in 15ms[2m (next.js: 5ms, application-code: 11ms)[22m
 GET /api/public/wallet?userId=1 [32m200[39m in 19ms[2m (next.js: 4ms, application-code: 15ms)[22m
 OPTIONS /api/public/pass/expire-on-logout [32m200[39m in 433ms[2m (next.js: 423ms, application-code: 10ms)[22m
 POST /api/public/pass/expire-on-logout [32m200[39m in 24ms[2m (next.js: 5ms, application-code: 19ms)[22m
 OPTIONS /api/public/auth/social-login [32m200[39m in 256ms[2m (next.js: 248ms, application-code: 8ms)[22m
 POST /api/public/auth/social-login [31m501[39m in 17ms[2m (next.js: 4ms, application-code: 12ms)[22m
 GET /api/public/healing-quotes [32m200[39m in 15ms[2m (next.js: 8ms, application-code: 7ms)[22m
 GET /api/public/wishes/my [33m401[39m in 19ms[2m (next.js: 17ms, application-code: 3ms)[22m
 GET /api/public/attendance/status?userId=1 [32m200[39m in 30ms[2m (next.js: 20ms, application-code: 10ms)[22m
 GET /api/public/pass/policies [32m200[39m in 41ms[2m (next.js: 30ms, application-code: 11ms)[22m
 GET /api/public/notifications?userId=1&limit=50 [32m200[39m in 51ms[2m (next.js: 44ms, application-code: 8ms)[22m
 GET /api/public/page-configs/home [32m200[39m in 28ms[2m (next.js: 16ms, application-code: 11ms)[22m
 GET /api/public/wallet?userId=1 [32m200[39m in 15ms[2m (next.js: 6ms, application-code: 9ms)[22m
 GET /api/public/healing-quotes [32m200[39m in 24ms[2m (next.js: 16ms, application-code: 8ms)[22m
 GET /api/public/wishes/my [33m401[39m in 28ms[2m (next.js: 25ms, application-code: 4ms)[22m
 GET /api/public/attendance/status?userId=1 [32m200[39m in 37ms[2m (next.js: 31ms, application-code: 6ms)[22m
 GET /api/public/pass/policies [32m200[39m in 46ms[2m (next.js: 39ms, application-code: 7ms)[22m
 GET /api/public/notifications?userId=1&limit=50 [32m200[39m in 22ms[2m (next.js: 17ms, application-code: 4ms)[22m
 GET /api/public/page-configs/home [32m200[39m in 14ms[2m (next.js: 5ms, application-code: 9ms)[22m
 GET /api/public/wallet?userId=1 [32m200[39m in 22ms[2m (next.js: 15ms, application-code: 6ms)[22m
 GET /api/public/healing-quotes [32m200[39m in 30ms[2m (next.js: 23ms, application-code: 7ms)[22m
 GET /api/public/wishes/my [33m401[39m in 34ms[2m (next.js: 31ms, application-code: 3ms)[22m
 GET /api/public/attendance/status?userId=1 [32m200[39m in 41ms[2m (next.js: 36ms, application-code: 6ms)[22m
 GET /api/public/pass/policies [32m200[39m in 32ms[2m (next.js: 20ms, application-code: 12ms)[22m
 GET /api/public/notifications?userId=1&limit=50 [32m200[39m in 15ms[2m (next.js: 8ms, application-code: 8ms)[22m
 GET /api/public/page-configs/home [32m200[39m in 26ms[2m (next.js: 16ms, application-code: 10ms)[22m
 GET /api/public/wallet?userId=1 [32m200[39m in 35ms[2m (next.js: 27ms, application-code: 8ms)[22m
 GET /api/public/attendance/status?userId=1 [32m200[39m in 11ms[2m (next.js: 5ms, application-code: 6ms)[22m
 GET /api/public/pass/policies [32m200[39m in 24ms[2m (next.js: 15ms, application-code: 9ms)[22m
 GET /api/public/wallet?userId=1 [32m200[39m in 13ms[2m (next.js: 4ms, application-code: 9ms)[22m
 GET /api/public/attendance/status?userId=1 [32m200[39m in 20ms[2m (next.js: 13ms, application-code: 7ms)[22m
 GET /api/public/pass/policies [32m200[39m in 11ms[2m (next.js: 4ms, application-code: 7ms)[22m
 GET /api/public/wallet?userId=1 [32m200[39m in 27ms[2m (next.js: 18ms, application-code: 9ms)[22m
 GET /api/public/attendance/status?userId=1 [32m200[39m in 18ms[2m (next.js: 5ms, application-code: 14ms)[22m
 GET /api/public/pass/policies [32m200[39m in 11ms[2m (next.js: 5ms, application-code: 6ms)[22m
 GET /api/public/wallet?userId=1 [32m200[39m in 10ms[2m (next.js: 2ms, application-code: 8ms)[22m
 GET /api/public/wallet?userId=1 [32m200[39m in 9ms[2m (next.js: 3ms, application-code: 7ms)[22m
 GET /api/public/pass/status?userId=1 [32m200[39m in 7ms[2m (next.js: 1974µs, application-code: 5ms)[22m
 GET /api/public/wallet?userId=1 [32m200[39m in 11ms[2m (next.js: 1705µs, application-code: 9ms)[22m
 GET /api/public/pass/status?userId=1 [32m200[39m in 8ms[2m (next.js: 1988µs, application-code: 6ms)[22m
 GET /api/public/wallet?userId=1 [32m200[39m in 7ms[2m (next.js: 1911µs, application-code: 5ms)[22m
 GET /api/public/pass/status?userId=1 [32m200[39m in 6ms[2m (next.js: 1740µs, application-code: 4ms)[22m
 GET /api/public/wallet?userId=1 [32m200[39m in 7ms[2m (next.js: 1944µs, application-code: 5ms)[22m
 GET /api/public/pass/status?userId=1 [32m200[39m in 6ms[2m (next.js: 1686µs, application-code: 4ms)[22m
 GET /api/public/wallet?userId=1 [32m200[39m in 11ms[2m (next.js: 3ms, application-code: 8ms)[22m
 GET /api/public/pass/status?userId=1 [32m200[39m in 9ms[2m (next.js: 1931µs, application-code: 7ms)[22m
 GET /api/public/wallet?userId=1 [32m200[39m in 15ms[2m (next.js: 7ms, application-code: 8ms)[22m
 GET /api/public/wallet?userId=1 [32m200[39m in 9ms[2m (next.js: 2ms, application-code: 7ms)[22m
 GET /api/public/wallet?userId=1 [32m200[39m in 10ms[2m (next.js: 2ms, application-code: 7ms)[22m
 GET /api/public/pass/status?userId=1 [32m200[39m in 15ms[2m (next.js: 4ms, application-code: 11ms)[22m
 GET /api/public/wallet?userId=1 [32m200[39m in 20ms[2m (next.js: 5ms, application-code: 15ms)[22m
 GET /api/public/wallet?userId=1 [32m200[39m in 18ms[2m (next.js: 4ms, application-code: 14ms)[22m
 GET /api/public/wallet?userId=1 [32m200[39m in 20ms[2m (next.js: 9ms, application-code: 10ms)[22m
 GET /api/public/wallet?userId=1 [32m200[39m in 13ms[2m (next.js: 3ms, application-code: 10ms)[22m
 GET /api/public/healing-quotes [32m200[39m in 22ms[2m (next.js: 12ms, application-code: 10ms)[22m
 GET /api/public/pass/policies [32m200[39m in 30ms[2m (next.js: 18ms, application-code: 12ms)[22m
 GET /api/public/page-configs/home [32m200[39m in 32ms[2m (next.js: 18ms, application-code: 14ms)[22m
 GET /api/public/wallet?userId=1 [32m200[39m in 14ms[2m (next.js: 6ms, application-code: 8ms)[22m
 GET /api/public/pass/policies [32m200[39m in 31ms[2m (next.js: 23ms, application-code: 7ms)[22m
 GET /api/public/attendance/status?userId=1 [32m200[39m in 37ms[2m (next.js: 32ms, application-code: 5ms)[22m
 GET /api/public/wishes/my [33m401[39m in 26ms[2m (next.js: 22ms, application-code: 4ms)[22m
 GET /api/public/page-configs/home [32m200[39m in 18ms[2m (next.js: 10ms, application-code: 8ms)[22m
 GET /api/public/notifications?userId=1&limit=50 [32m200[39m in 25ms[2m (next.js: 19ms, application-code: 5ms)[22m
 GET /api/public/healing-quotes [32m200[39m in 29ms[2m (next.js: 24ms, application-code: 5ms)[22m
 GET /api/public/wallet?userId=1 [32m200[39m in 21ms[2m (next.js: 14ms, application-code: 6ms)[22m
 GET /api/public/pass/policies [32m200[39m in 29ms[2m (next.js: 23ms, application-code: 6ms)[22m
 GET /api/public/attendance/status?userId=1 [32m200[39m in 38ms[2m (next.js: 33ms, application-code: 5ms)[22m
 GET /api/public/wishes/my [33m401[39m in 27ms[2m (next.js: 23ms, application-code: 4ms)[22m
 GET /api/public/page-configs/home [32m200[39m in 35ms[2m (next.js: 28ms, application-code: 7ms)[22m
 GET /api/public/notifications?userId=1&limit=50 [32m200[39m in 24ms[2m (next.js: 20ms, application-code: 4ms)[22m
 GET /api/public/healing-quotes [32m200[39m in 14ms[2m (next.js: 10ms, application-code: 4ms)[22m
 GET /api/public/wallet?userId=1 [32m200[39m in 20ms[2m (next.js: 15ms, application-code: 5ms)[22m
 GET /api/public/pass/policies [32m200[39m in 22ms[2m (next.js: 16ms, application-code: 6ms)[22m
 GET /api/public/attendance/status?userId=1 [32m200[39m in 16ms[2m (next.js: 11ms, application-code: 5ms)[22m
 GET /api/public/wishes/my [33m401[39m in 20ms[2m (next.js: 17ms, application-code: 3ms)[22m
 GET /api/public/notifications?userId=1&limit=50 [32m200[39m in 7ms[2m (next.js: 3ms, application-code: 4ms)[22m
 GET /api/public/wallet?userId=1 [32m200[39m in 14ms[2m (next.js: 8ms, application-code: 5ms)[22m
 GET /api/public/pass/policies [32m200[39m in 15ms[2m (next.js: 10ms, application-code: 5ms)[22m
 GET /api/public/attendance/status?userId=1 [32m200[39m in 6ms[2m (next.js: 1964µs, application-code: 4ms)[22m
 GET /api/public/wallet?userId=1 [32m200[39m in 8ms[2m (next.js: 3ms, application-code: 6ms)[22m
 GET /api/public/pass/policies [32m200[39m in 10ms[2m (next.js: 5ms, application-code: 6ms)[22m
 GET /api/public/attendance/status?userId=1 [32m200[39m in 7ms[2m (next.js: 3ms, application-code: 4ms)[22m
 GET /api/public/wallet?userId=1 [32m200[39m in 10ms[2m (next.js: 4ms, application-code: 6ms)[22m
 GET /api/public/attendance/status?userId=1 [32m200[39m in 7ms[2m (next.js: 3ms, application-code: 4ms)[22m
 GET /api/public/wallet?userId=1 [32m200[39m in 11ms[2m (next.js: 3ms, application-code: 8ms)[22m
 GET /api/public/wallet?userId=1 [32m200[39m in 10ms[2m (next.js: 2ms, application-code: 8ms)[22m
 GET /api/public/wallet?userId=1 [32m200[39m in 12ms[2m (next.js: 3ms, application-code: 10ms)[22m
 GET /api/public/pass/status?userId=1 [32m200[39m in 16ms[2m (next.js: 4ms, application-code: 12ms)[22m
 GET /api/public/wallet?userId=1 [32m200[39m in 16ms[2m (next.js: 5ms, application-code: 11ms)[22m
 GET /api/public/pass/status?userId=1 [32m200[39m in 14ms[2m (next.js: 5ms, application-code: 9ms)[22m
 GET /api/public/wallet?userId=1 [32m200[39m in 17ms[2m (next.js: 4ms, application-code: 13ms)[22m
 GET /api/public/pass/status?userId=1 [32m200[39m in 15ms[2m (next.js: 4ms, application-code: 11ms)[22m
 GET /api/public/wallet?userId=1 [32m200[39m in 15ms[2m (next.js: 4ms, application-code: 11ms)[22m
 GET /api/public/pass/status?userId=1 [32m200[39m in 12ms[2m (next.js: 3ms, application-code: 8ms)[22m
 GET /api/public/wallet?userId=1 [32m200[39m in 19ms[2m (next.js: 6ms, application-code: 12ms)[22m
 GET /api/public/pass/status?userId=1 [32m200[39m in 30ms[2m (next.js: 19ms, application-code: 11ms)[22m
 GET /api/public/wallet?userId=1 [32m200[39m in 11ms[2m (next.js: 3ms, application-code: 8ms)[22m
 GET /api/public/pass/status?userId=1 [32m200[39m in 10ms[2m (next.js: 3ms, application-code: 8ms)[22m
 GET /api/public/wallet?userId=1 [32m200[39m in 12ms[2m (next.js: 3ms, application-code: 9ms)[22m
 GET /api/public/wallet?userId=1 [32m200[39m in 21ms[2m (next.js: 8ms, application-code: 13ms)[22m
 GET /api/public/wallet?userId=1 [32m200[39m in 12ms[2m (next.js: 3ms, application-code: 9ms)[22m
 GET /api/public/wallet?userId=1 [32m200[39m in 17ms[2m (next.js: 4ms, application-code: 13ms)[22m
 GET /api/public/healing-quotes [32m200[39m in 17ms[2m (next.js: 10ms, application-code: 6ms)[22m
 GET /api/public/pass/policies [32m200[39m in 21ms[2m (next.js: 15ms, application-code: 6ms)[22m
 GET /api/public/page-configs/home [32m200[39m in 23ms[2m (next.js: 12ms, application-code: 11ms)[22m
 GET /api/public/attendance/status?userId=1 [32m200[39m in 16ms[2m (next.js: 6ms, application-code: 10ms)[22m
 GET /api/public/wishes/my [33m401[39m in 21ms[2m (next.js: 17ms, application-code: 4ms)[22m
 GET /api/public/wallet?userId=1 [32m200[39m in 28ms[2m (next.js: 11ms, application-code: 16ms)[22m
 GET /api/public/healing-quotes [32m200[39m in 41ms[2m (next.js: 31ms, application-code: 10ms)[22m
 GET /api/public/notifications?userId=1&limit=50 [32m200[39m in 60ms[2m (next.js: 44ms, application-code: 17ms)[22m
 GET /api/public/pass/policies [32m200[39m in 78ms[2m (next.js: 66ms, application-code: 12ms)[22m
 GET /api/public/page-configs/home [32m200[39m in 39ms[2m (next.js: 27ms, application-code: 12ms)[22m
 GET /api/public/attendance/status?userId=1 [32m200[39m in 30ms[2m (next.js: 23ms, application-code: 6ms)[22m
 GET /api/public/wishes/my [33m401[39m in 20ms[2m (next.js: 15ms, application-code: 5ms)[22m
 GET /api/public/wallet?userId=1 [32m200[39m in 40ms[2m (next.js: 29ms, application-code: 11ms)[22m
 GET /api/public/healing-quotes [32m200[39m in 49ms[2m (next.js: 42ms, application-code: 8ms)[22m
 GET /api/public/notifications?userId=1&limit=50 [32m200[39m in 16ms[2m (next.js: 9ms, application-code: 7ms)[22m
 GET /api/public/pass/policies [32m200[39m in 25ms[2m (next.js: 17ms, application-code: 8ms)[22m
 GET /api/public/page-configs/home [32m200[39m in 44ms[2m (next.js: 33ms, application-code: 12ms)[22m
 GET /api/public/attendance/status?userId=1 [32m200[39m in 25ms[2m (next.js: 19ms, application-code: 6ms)[22m
 GET /api/public/wishes/my [33m401[39m in 31ms[2m (next.js: 26ms, application-code: 4ms)[22m
 GET /api/public/wallet?userId=1 [32m200[39m in 41ms[2m (next.js: 32ms, application-code: 9ms)[22m
 GET /api/public/notifications?userId=1&limit=50 [32m200[39m in 15ms[2m (next.js: 7ms, application-code: 8ms)[22m
 GET /api/public/pass/policies [32m200[39m in 26ms[2m (next.js: 16ms, application-code: 10ms)[22m
 GET /api/public/attendance/status?userId=1 [32m200[39m in 22ms[2m (next.js: 16ms, application-code: 5ms)[22m
 GET /api/public/wallet?userId=1 [32m200[39m in 30ms[2m (next.js: 23ms, application-code: 8ms)[22m
 GET /api/public/pass/policies [32m200[39m in 12ms[2m (next.js: 4ms, application-code: 8ms)[22m
 GET /api/public/attendance/status?userId=1 [32m200[39m in 18ms[2m (next.js: 12ms, application-code: 6ms)[22m
 GET /api/public/wallet?userId=1 [32m200[39m in 11ms[2m (next.js: 3ms, application-code: 8ms)[22m
 GET /api/public/pass/policies [32m200[39m in 21ms[2m (next.js: 13ms, application-code: 8ms)[22m
 GET /api/public/attendance/status?userId=1 [32m200[39m in 12ms[2m (next.js: 4ms, application-code: 7ms)[22m
 GET /api/public/wallet?userId=1 [32m200[39m in 22ms[2m (next.js: 12ms, application-code: 10ms)[22m
 GET /api/public/wallet?userId=1 [32m200[39m in 18ms[2m (next.js: 5ms, application-code: 13ms)[22m
 GET /api/public/pass/status?userId=1 [32m200[39m in 16ms[2m (next.js: 6ms, application-code: 10ms)[22m
 GET /api/public/wallet?userId=1 [32m200[39m in 29ms[2m (next.js: 18ms, application-code: 11ms)[22m
 GET /api/public/pass/status?userId=1 [32m200[39m in 11ms[2m (next.js: 3ms, application-code: 7ms)[22m
 GET /api/public/wallet?userId=1 [32m200[39m in 11ms[2m (next.js: 3ms, application-code: 8ms)[22m
 GET /api/public/pass/status?userId=1 [32m200[39m in 17ms[2m (next.js: 12ms, application-code: 5ms)[22m
 GET /api/public/wallet?userId=1 [32m200[39m in 9ms[2m (next.js: 2ms, application-code: 7ms)[22m
 GET /api/public/pass/status?userId=1 [32m200[39m in 8ms[2m (next.js: 3ms, application-code: 5ms)[22m
 GET /api/public/wallet?userId=1 [32m200[39m in 16ms[2m (next.js: 8ms, application-code: 8ms)[22m
 GET /api/public/wallet?userId=1 [32m200[39m in 10ms[2m (next.js: 2ms, application-code: 7ms)[22m
 GET /api/public/pass/status?userId=1 [32m200[39m in 19ms[2m (next.js: 14ms, application-code: 6ms)[22m
 GET /api/public/wallet?userId=1 [32m200[39m in 8ms[2m (next.js: 2ms, application-code: 6ms)[22m
 GET /api/public/pass/status?userId=1 [32m200[39m in 16ms[2m (next.js: 5ms, application-code: 11ms)[22m
 GET /api/public/wallet?userId=1 [32m200[39m in 28ms[2m (next.js: 18ms, application-code: 10ms)[22m
 GET /api/public/wallet?userId=1 [32m200[39m in 14ms[2m (next.js: 3ms, application-code: 11ms)[22m
 GET /api/public/wallet?userId=1 [32m200[39m in 13ms[2m (next.js: 3ms, application-code: 9ms)[22m
 GET /api/public/wallet?userId=1 [32m200[39m in 10ms[2m (next.js: 2ms, application-code: 8ms)[22m
 GET /api/public/wallet?userId=1 [32m200[39m in 15ms[2m (next.js: 3ms, application-code: 11ms)[22m
 GET /api/public/wishes/my [33m401[39m in 13ms[2m (next.js: 7ms, application-code: 6ms)[22m
 GET /api/public/notifications?userId=1&limit=50 [32m200[39m in 25ms[2m (next.js: 15ms, application-code: 10ms)[22m
 GET /api/public/wallet?userId=1 [32m200[39m in 34ms[2m (next.js: 27ms, application-code: 7ms)[22m
 GET /api/public/page-configs/home [32m200[39m in 23ms[2m (next.js: 15ms, application-code: 8ms)[22m
 GET /api/public/intro-config [32m200[39m in 22ms[2m (next.js: 17ms, application-code: 5ms)[22m
 GET /api/public/pass/policies [32m200[39m in 20ms[2m (next.js: 14ms, application-code: 6ms)[22m
 GET /api/public/attendance/status?userId=1 [32m200[39m in 17ms[2m (next.js: 12ms, application-code: 4ms)[22m
 GET /api/public/healing-quotes [32m200[39m in 14ms[2m (next.js: 9ms, application-code: 5ms)[22m
 GET /api/public/wallet?userId=1 [32m200[39m in 10ms[2m (next.js: 2ms, application-code: 8ms)[22m
 GET /api/public/pass/policies [32m200[39m in 19ms[2m (next.js: 6ms, application-code: 13ms)[22m
 GET /api/public/attendance/status?userId=1 [32m200[39m in 32ms[2m (next.js: 22ms, application-code: 10ms)[22m
 GET /api/public/pass/status?userId=1 [32m200[39m in 17ms[2m (next.js: 7ms, application-code: 10ms)[22m
 GET /api/public/wallet?userId=1 [32m200[39m in 30ms[2m (next.js: 18ms, application-code: 13ms)[22m
 GET /api/public/pass/status?userId=1 [32m200[39m in 17ms[2m (next.js: 5ms, application-code: 12ms)[22m
 GET /api/public/wallet?userId=1 [32m200[39m in 18ms[2m (next.js: 4ms, application-code: 14ms)[22m
 GET /api/public/wallet?userId=1 [32m200[39m in 18ms[2m (next.js: 4ms, application-code: 14ms)[22m
 GET /api/public/wallet?userId=1 [32m200[39m in 17ms[2m (next.js: 4ms, application-code: 13ms)[22m
 HEAD / [34m307[39m in 1024ms[2m (next.js: 845ms, application-code: 179ms)[22m
[32m[1m✓[22m[39m Compiled in 980ms
 GET /reward/fortune-ads [32m200[39m in 125ms[2m (next.js: 17ms, application-code: 108ms)[22m
 GET /reward/fortune-ads [32m200[39m in 93ms[2m (next.js: 8ms, application-code: 85ms)[22m
 GET /reward/fortune-ads [32m200[39m in 103ms[2m (next.js: 8ms, application-code: 94ms)[22m
 GET /reward/fortune-ads [32m200[39m in 86ms[2m (next.js: 6ms, application-code: 80ms)[22m
 GET /reward/fortune-ads [32m200[39m in 91ms[2m (next.js: 7ms, application-code: 85ms)[22m
 GET /reward/fortune-ads [32m200[39m in 110ms[2m (next.js: 7ms, application-code: 103ms)[22m
 GET /reward/fortune-ads [32m200[39m in 79ms[2m (next.js: 5ms, application-code: 74ms)[22m
 GET /login [32m200[39m in 65ms[2m (next.js: 11ms, application-code: 54ms)[22m
 GET /login [32m200[39m in 57ms[2m (next.js: 6ms, application-code: 51ms)[22m
 GET /login [32m200[39m in 429ms[2m (next.js: 324ms, application-code: 105ms)[22m
 GET /login [32m200[39m in 70ms[2m (next.js: 6ms, application-code: 64ms)[22m
 GET /login [32m200[39m in 88ms[2m (next.js: 6ms, application-code: 82ms)[22m
 GET /login [32m200[39m in 68ms[2m (next.js: 6ms, application-code: 62ms)[22m
 GET /login [32m200[39m in 67ms[2m (next.js: 6ms, application-code: 61ms)[22m
 GET /login [32m200[39m in 72ms[2m (next.js: 6ms, application-code: 66ms)[22m
 GET /login [32m200[39m in 83ms[2m (next.js: 7ms, application-code: 77ms)[22m
 GET /login [32m200[39m in 64ms[2m (next.js: 6ms, application-code: 58ms)[22m
 GET /login [32m200[39m in 69ms[2m (next.js: 6ms, application-code: 63ms)[22m
 GET /login [32m200[39m in 68ms[2m (next.js: 6ms, application-code: 62ms)[22m
 GET /login [32m200[39m in 81ms[2m (next.js: 6ms, application-code: 75ms)[22m
 GET /login [32m200[39m in 69ms[2m (next.js: 6ms, application-code: 63ms)[22m
 GET /login [32m200[39m in 69ms[2m (next.js: 6ms, application-code: 63ms)[22m
 GET /login [32m200[39m in 70ms[2m (next.js: 6ms, application-code: 64ms)[22m
 GET /login [32m200[39m in 79ms[2m (next.js: 6ms, application-code: 73ms)[22m
 GET /login [32m200[39m in 63ms[2m (next.js: 6ms, application-code: 57ms)[22m
 GET /login [32m200[39m in 61ms[2m (next.js: 5ms, application-code: 56ms)[22m
 GET /login [32m200[39m in 62ms[2m (next.js: 6ms, application-code: 57ms)[22m
 GET /login [32m200[39m in 77ms[2m (next.js: 6ms, application-code: 71ms)[22m
 GET /login [32m200[39m in 106ms[2m (next.js: 6ms, application-code: 100ms)[22m
 GET /login [32m200[39m in 63ms[2m (next.js: 6ms, application-code: 57ms)[22m
 GET /login [32m200[39m in 66ms[2m (next.js: 6ms, application-code: 59ms)[22m
 GET /login [32m200[39m in 77ms[2m (next.js: 5ms, application-code: 72ms)[22m
 GET /login [32m200[39m in 68ms[2m (next.js: 7ms, application-code: 60ms)[22m
 GET /login [32m200[39m in 64ms[2m (next.js: 6ms, application-code: 59ms)[22m
 GET /login [32m200[39m in 62ms[2m (next.js: 6ms, application-code: 57ms)[22m
 GET /login [32m200[39m in 76ms[2m (next.js: 5ms, application-code: 71ms)[22m
 GET /login [32m200[39m in 61ms[2m (next.js: 5ms, application-code: 56ms)[22m
 GET /login [32m200[39m in 62ms[2m (next.js: 5ms, application-code: 57ms)[22m
 GET /login [32m200[39m in 65ms[2m (next.js: 6ms, application-code: 58ms)[22m
 GET /login [32m200[39m in 74ms[2m (next.js: 5ms, application-code: 68ms)[22m
 GET /login [32m200[39m in 67ms[2m (next.js: 6ms, application-code: 61ms)[22m
 GET /login [32m200[39m in 54ms[2m (next.js: 6ms, application-code: 49ms)[22m
 GET /login [32m200[39m in 55ms[2m (next.js: 5ms, application-code: 50ms)[22m
 POST /api/public/auth/signup [32m200[39m in 700ms[2m (next.js: 484ms, application-code: 216ms)[22m
 GET /login [32m200[39m in 77ms[2m (next.js: 7ms, application-code: 71ms)[22m
 GET /login [32m200[39m in 81ms[2m (next.js: 6ms, application-code: 75ms)[22m
 GET /login [32m200[39m in 61ms[2m (next.js: 6ms, application-code: 55ms)[22m
 GET /login [32m200[39m in 60ms[2m (next.js: 5ms, application-code: 55ms)[22m
 GET /login [32m200[39m in 61ms[2m (next.js: 5ms, application-code: 55ms)[22m
 GET /login [32m200[39m in 72ms[2m (next.js: 5ms, application-code: 67ms)[22m
 GET /login [32m200[39m in 64ms[2m (next.js: 6ms, application-code: 57ms)[22m
 GET /login [32m200[39m in 61ms[2m (next.js: 5ms, application-code: 56ms)[22m
 GET /login [32m200[39m in 61ms[2m (next.js: 5ms, application-code: 55ms)[22m
 GET /login [32m200[39m in 77ms[2m (next.js: 5ms, application-code: 71ms)[22m
 GET /login [32m200[39m in 37ms[2m (next.js: 4ms, application-code: 33ms)[22m
 GET /login [32m200[39m in 58ms[2m (next.js: 5ms, application-code: 53ms)[22m
 GET /login [32m200[39m in 62ms[2m (next.js: 5ms, application-code: 56ms)[22m
 GET /login [32m200[39m in 62ms[2m (next.js: 5ms, application-code: 56ms)[22m
 GET /login [32m200[39m in 68ms[2m (next.js: 6ms, application-code: 62ms)[22m
 GET /login [32m200[39m in 61ms[2m (next.js: 5ms, application-code: 56ms)[22m
 GET /login [32m200[39m in 62ms[2m (next.js: 6ms, application-code: 56ms)[22m
 GET /login [32m200[39m in 61ms[2m (next.js: 7ms, application-code: 55ms)[22m
 POST /api/public/auth/login [32m200[39m in 234ms[2m (next.js: 86ms, application-code: 149ms)[22m
 GET /login [32m200[39m in 293ms[2m (next.js: 5ms, application-code: 289ms)[22m
 GET /login [32m200[39m in 63ms[2m (next.js: 7ms, application-code: 56ms)[22m
 GET /login [32m200[39m in 58ms[2m (next.js: 4ms, application-code: 54ms)[22m
[POST /api/public/auth/welcome-gift/claim] 실패: Error [PrismaClientValidationError]: 
Invalid `__TURBOPACK__imported__module__$5b$project$5d2f$admin_web$2f$src$2f$lib$2f$db$2e$ts__$5b$app$2d$route$5d$__$28$ecmascript$29$__["prisma"].user.update()` invocation in
/home/user/admin_web/.next/dev/server/chunks/[root-of-the-server]__17ewuhg._.js:2473:174

  2470     });
  2471 }
  2472 try {
→ 2473     const updated = await __TURBOPACK__imported__module__$5b$project$5d2f$admin_web$2f$src$2f$lib$2f$db$2e$ts__$5b$app$2d$route$5d$__$28$ecmascript$29$__["prisma"].user.update({
             where: {
               id: 47
             },
             data: {
               welcomeGiftClaimed: true,
               ~~~~~~~~~~~~~~~~~~
           ?   email?: String | NullableStringFieldUpdateOperationsInput | Null,
           ?   phone?: String | NullableStringFieldUpdateOperationsInput | Null,
           ?   passwordHash?: String | NullableStringFieldUpdateOperationsInput | Null,
           ?   nickname?: String | StringFieldUpdateOperationsInput,
           ?   gender?: String | NullableStringFieldUpdateOperationsInput | Null,
           ?   status?: String | StringFieldUpdateOperationsInput,
           ?   withdrawalReason?: String | NullableStringFieldUpdateOperationsInput | Null,
           ?   lastLoginAt?: DateTime | NullableDateTimeFieldUpdateOperationsInput | Null,
           ?   signupChannel?: String | StringFieldUpdateOperationsInput,
           ?   marketingAgreed?: Boolean | BoolFieldUpdateOperationsInput,
           ?   termsAgreedAt?: DateTime | NullableDateTimeFieldUpdateOperationsInput | Null,
           ?   privacyAgreedAt?: DateTime | NullableDateTimeFieldUpdateOperationsInput | Null,
           ?   createdAt?: DateTime | DateTimeFieldUpdateOperationsInput,
           ?   updatedAt?: DateTime | DateTimeFieldUpdateOperationsInput,
           ?   deletedAt?: DateTime | NullableDateTimeFieldUpdateOperationsInput | Null,
           ?   createdBy?: String | NullableStringFieldUpdateOperationsInput | Null,
           ?   updatedBy?: String | NullableStringFieldUpdateOperationsInput | Null,
           ?   grade?: UserGradeUpdateOneWithoutUsersNestedInput,
           ?   profile?: UserProfileUpdateOneWithoutUserNestedInput,
           ?   loginLogs?: UserLoginLogUpdateManyWithoutUserNestedInput,
           ?   withdrawalLogs?: UserWithdrawalLogUpdateManyWithoutUserNestedInput,
           ?   wallets?: WalletUpdateManyWithoutUserNestedInput,
           ?   pointHistories?: PointHistoryUpdateManyWithoutUserNestedInput,
           ?   attendances?: AttendanceUpdateManyWithoutUserNestedInput,
           ?   userMissions?: UserMissionUpdateManyWithoutUserNestedInput,
           ?   userAchievements?: UserAchievementUpdateManyWithoutUserNestedInput,
           ?   rankingSnapshots?: RankingSnapshotUpdateManyWithoutUserNestedInput,
           ?   userAmulets?: UserAmuletUpdateManyWithoutUserNestedInput,
           ?   amuletCollections?: AmuletCollectionUpdateManyWithoutUserNestedInput,
           ?   amuletGiftsSent?: AmuletGiftUpdateManyWithoutFromUserNestedInput,
           ?   amuletGiftsReceived?: AmuletGiftUpdateManyWithoutToUserNestedInput,
           ?   luckybagOpenLogs?: LuckybagOpenLogUpdateManyWithoutUserNestedInput,
           ?   giftcardIssues?: GiftcardIssueUpdateManyWithoutUserNestedInput,
           ?   couponIssues?: CouponIssueUpdateManyWithoutUserNestedInput,
           ?   communityPosts?: CommunityPostUpdateManyWithoutUserNestedInput,
           ?   wishes?: WishUpdateManyWithoutUserNestedInput,
           ?   comments?: CommentUpdateManyWithoutUserNestedInput,
           ?   reportsSubmitted?: ReportUpdateManyWithoutReporterNestedInput,
           ?   likes?: LikeUpdateManyWithoutUserNestedInput,
           ?   matchingProfile?: MatchingProfileUpdateOneWithoutUserNestedInput,
           ?   matchingLikesSent?: MatchingLikeUpdateManyWithoutFromUserNestedInput,
           ?   matchingLikesReceived?: MatchingLikeUpdateManyWithoutToUserNestedInput,
           ?   matchingPairsAsA?: MatchingPairUpdateManyWithoutUserANestedInput,
           ?   matchingPairsAsB?: MatchingPairUpdateManyWithoutUserBNestedInput,
           ?   friendsAsUser?: FriendUpdateManyWithoutUserNestedInput,
           ?   friendsAsFriend?: FriendUpdateManyWithoutFriendUserNestedInput,
           ?   followersOf?: FollowUpdateManyWithoutFollowingNestedInput,
           ?   followingOf?: FollowUpdateManyWithoutFollowerNestedInput,
           ?   sentChatMessages?: ChatMessageUpdateManyWithoutSenderNestedInput,
           ?   compatibilityRequestsSent?: CompatibilityRequestUpdateManyWithoutRequesterNestedInput,
           ?   compatibilityRequestsTargeted?: CompatibilityRequestUpdateManyWithoutTargetUserNestedInput,
           ?   payments?: PaymentUpdateManyWithoutUserNestedInput,
           ?   userSubscriptions?: UserSubscriptionUpdateManyWithoutUserNestedInput,
           ?   eventParticipations?: EventParticipationUpdateManyWithoutUserNestedInput,
           ?   notifications?: NotificationUpdateManyWithoutUserNestedInput,
           ?   notificationPreferences?: NotificationPreferenceUpdateManyWithoutUserNestedInput,
           ?   pushTokens?: PushTokenUpdateManyWithoutUserNestedInput,
           ?   fortuneRequests?: FortuneRequestUpdateManyWithoutUserNestedInput,
           ?   consultationSessions?: ConsultationSessionUpdateManyWithoutUserNestedInput,
           ?   passes?: UserPassUpdateManyWithoutUserNestedInput,
           ?   luckPouchWallet?: LuckPouchWalletUpdateOneWithoutUserNestedInput,
           ?   luckPouchHistories?: LuckPouchHistoryUpdateManyWithoutUserNestedInput,
           ?   consultationReviews?: ConsultationReviewUpdateManyWithoutUserNestedInput,
           ?   openPassAdRewardLogs?: OpenPassAdRewardLogUpdateManyWithoutUserNestedInput,
           ?   passCategoryUsages?: PassCategoryUsageUpdateManyWithoutUserNestedInput,
           ?   fortuneAdWatchLogs?: FortuneAdWatchLogUpdateManyWithoutUserNestedInput,
           ?   inventoryItems?: UserInventoryItemUpdateManyWithoutUserNestedInput,
           ?   gratitudeSealsSent?: GratitudeSealUpdateManyWithoutSenderNestedInput,
           ?   gratitudeSealsReceived?: GratitudeSealUpdateManyWithoutRecipientNestedInput,
           ?   guinjiMapsOwned?: GuinjiMapUpdateManyWithoutOwnerNestedInput,
           ?   guinjiRelationshipsAsOwner?: GuinjiRelationshipUpdateManyWithoutOwnerNestedInput,
           ?   guinjiShareEventsFrom?: GuinjiShareEventUpdateManyWithoutFromUserNestedInput,
           ?   guinjiUnlockRecords?: GuinjiUnlockRecordUpdateManyWithoutUserNestedInput,
           ?   guinjiMapMembersJoined?: GuinjiMapMemberUpdateManyWithoutJoinedUserNestedInput
             },
             include: {
               grade: true,
               profile: true
             }
           })

Unknown argument `welcomeGiftClaimed`. Available options are marked with ?.
    at <unknown> (src/app/api/public/auth/welcome-gift/claim/route.ts:23:39)
    at async POST (src/app/api/public/auth/welcome-gift/claim/route.ts:23:21)
  21 |
  22 |   try {
> 23 |     const updated = await prisma.user.update({
     |                                       ^
  24 |       where: { id: payload.userId },
  25 |       data: { welcomeGiftClaimed: true },
  26 |       include: { grade: true, profile: true }, {
  clientVersion: '7.9.0'
}
 POST /api/public/auth/welcome-gift/claim [31m500[39m in 846ms[2m (next.js: 406ms, application-code: 440ms)[22m
 GET /login [32m200[39m in 32ms[2m (next.js: 3ms, application-code: 29ms)[22m
 GET /api/public/auth/me [32m200[39m in 114ms[2m (next.js: 103ms, application-code: 11ms)[22m
 GET /login [32m200[39m in 53ms[2m (next.js: 5ms, application-code: 49ms)[22m
 GET /login [32m200[39m in 50ms[2m (next.js: 4ms, application-code: 47ms)[22m
 GET /login [32m200[39m in 64ms[2m (next.js: 6ms, application-code: 58ms)[22m
 GET /login [32m200[39m in 83ms[2m (next.js: 6ms, application-code: 77ms)[22m
 GET /login [32m200[39m in 70ms[2m (next.js: 6ms, application-code: 64ms)[22m
 GET /login [32m200[39m in 62ms[2m (next.js: 6ms, application-code: 56ms)[22m
 GET /login [32m200[39m in 62ms[2m (next.js: 6ms, application-code: 57ms)[22m
 GET /login [32m200[39m in 80ms[2m (next.js: 6ms, application-code: 75ms)[22m
 GET /login [32m200[39m in 63ms[2m (next.js: 6ms, application-code: 57ms)[22m
 GET /login [32m200[39m in 63ms[2m (next.js: 6ms, application-code: 57ms)[22m
 GET /login [32m200[39m in 64ms[2m (next.js: 5ms, application-code: 58ms)[22m
 GET /login [32m200[39m in 79ms[2m (next.js: 6ms, application-code: 73ms)[22m
 GET /login [32m200[39m in 63ms[2m (next.js: 6ms, application-code: 57ms)[22m
 GET /login [32m200[39m in 28ms[2m (next.js: 3ms, application-code: 25ms)[22m
 GET /login [32m200[39m in 26ms[2m (next.js: 3ms, application-code: 23ms)[22m
 GET /login [32m200[39m in 439ms[2m (next.js: 43ms, application-code: 395ms)[22m
 GET /login [32m200[39m in 441ms[2m (next.js: 8ms, application-code: 433ms)[22m
 GET /login [32m200[39m in 473ms[2m (next.js: 87ms, application-code: 386ms)[22m
 GET /login [32m200[39m in 417ms[2m (next.js: 33ms, application-code: 383ms)[22m
 GET /login [32m200[39m in 448ms[2m (next.js: 4ms, application-code: 444ms)[22m
 GET /login [32m200[39m in 507ms[2m (next.js: 51ms, application-code: 456ms)[22m
 GET /login [32m200[39m in 528ms[2m (next.js: 58ms, application-code: 470ms)[22m
 GET /login [32m200[39m in 518ms[2m (next.js: 38ms, application-code: 480ms)[22m
 GET /login [32m200[39m in 525ms[2m (next.js: 29ms, application-code: 496ms)[22m
 GET /login [32m200[39m in 587ms[2m (next.js: 35ms, application-code: 552ms)[22m
 GET /login [32m200[39m in 682ms[2m (next.js: 41ms, application-code: 641ms)[22m
 GET /login [32m200[39m in 682ms[2m (next.js: 37ms, application-code: 646ms)[22m
 GET /login [32m200[39m in 721ms[2m (next.js: 32ms, application-code: 689ms)[22m
 GET /login [32m200[39m in 742ms[2m (next.js: 38ms, application-code: 704ms)[22m
 GET /login [32m200[39m in 813ms[2m (next.js: 30ms, application-code: 783ms)[22m
 GET /login [32m200[39m in 827ms[2m (next.js: 28ms, application-code: 799ms)[22m
 GET /login [32m200[39m in 909ms[2m (next.js: 27ms, application-code: 883ms)[22m
 GET /login [32m200[39m in 931ms[2m (next.js: 46ms, application-code: 884ms)[22m
 GET /login [32m200[39m in 1055ms[2m (next.js: 64ms, application-code: 991ms)[22m
 GET /login [32m200[39m in 1024ms[2m (next.js: 73ms, application-code: 952ms)[22m
 GET /login [32m200[39m in 1037ms[2m (next.js: 48ms, application-code: 989ms)[22m
 GET /login [32m200[39m in 1022ms[2m (next.js: 48ms, application-code: 974ms)[22m
 GET /login [32m200[39m in 1021ms[2m (next.js: 102ms, application-code: 919ms)[22m
 GET /login [32m200[39m in 1023ms[2m (next.js: 77ms, application-code: 946ms)[22m
 GET /login [32m200[39m in 1089ms[2m (next.js: 91ms, application-code: 997ms)[22m
 GET /login [32m200[39m in 1088ms[2m (next.js: 171ms, application-code: 916ms)[22m
 GET /login [32m200[39m in 1090ms[2m (next.js: 111ms, application-code: 979ms)[22m
 GET /login [32m200[39m in 1029ms[2m (next.js: 133ms, application-code: 895ms)[22m
 GET /login [32m200[39m in 959ms[2m (next.js: 69ms, application-code: 890ms)[22m
 GET /login [32m200[39m in 961ms[2m (next.js: 42ms, application-code: 919ms)[22m
 GET /login [32m200[39m in 952ms[2m (next.js: 77ms, application-code: 875ms)[22m
 GET /login [32m200[39m in 952ms[2m (next.js: 98ms, application-code: 854ms)[22m
 GET /login [32m200[39m in 966ms[2m (next.js: 74ms, application-code: 892ms)[22m
 GET /login [32m200[39m in 968ms[2m (next.js: 53ms, application-code: 914ms)[22m
 GET /login [32m200[39m in 966ms[2m (next.js: 127ms, application-code: 839ms)[22m
 GET /login [32m200[39m in 967ms[2m (next.js: 106ms, application-code: 862ms)[22m
 GET /login [32m200[39m in 946ms[2m (next.js: 110ms, application-code: 836ms)[22m
 GET /login [32m200[39m in 906ms[2m (next.js: 47ms, application-code: 859ms)[22m
 GET /login [32m200[39m in 906ms[2m (next.js: 94ms, application-code: 812ms)[22m
 GET /login [32m200[39m in 966ms[2m (next.js: 112ms, application-code: 853ms)[22m
 GET /login [32m200[39m in 928ms[2m (next.js: 49ms, application-code: 879ms)[22m
 GET /login [32m200[39m in 927ms[2m (next.js: 182ms, application-code: 745ms)[22m
 GET /login [32m200[39m in 928ms[2m (next.js: 83ms, application-code: 846ms)[22m
 GET /login [32m200[39m in 968ms[2m (next.js: 169ms, application-code: 799ms)[22m
 GET /login [32m200[39m in 888ms[2m (next.js: 54ms, application-code: 834ms)[22m
 GET /login [32m200[39m in 888ms[2m (next.js: 75ms, application-code: 814ms)[22m
 GET /login [32m200[39m in 891ms[2m (next.js: 32ms, application-code: 858ms)[22m
 GET /login [32m200[39m in 945ms[2m (next.js: 84ms, application-code: 860ms)[22m
 GET /login [32m200[39m in 1095ms[2m (next.js: 32ms, application-code: 1063ms)[22m
 GET /login [32m200[39m in 1096ms[2m (next.js: 52ms, application-code: 1044ms)[22m
 GET /login [32m200[39m in 1096ms[2m (next.js: 74ms, application-code: 1022ms)[22m
 GET /login [32m200[39m in 1097ms[2m (next.js: 111ms, application-code: 985ms)[22m
 GET /login [32m200[39m in 1181ms[2m (next.js: 113ms, application-code: 1068ms)[22m
 GET /login [32m200[39m in 1159ms[2m (next.js: 51ms, application-code: 1108ms)[22m
 GET /login [32m200[39m in 1162ms[2m (next.js: 30ms, application-code: 1132ms)[22m
 GET /login [32m200[39m in 1338ms[2m (next.js: 65ms, application-code: 1273ms)[22m
 GET /login [32m200[39m in 1457ms[2m (next.js: 32ms, application-code: 1425ms)[22m
 GET /login [32m200[39m in 1456ms[2m (next.js: 75ms, application-code: 1381ms)[22m
 GET /login [32m200[39m in 1457ms[2m (next.js: 53ms, application-code: 1404ms)[22m
 GET /login [32m200[39m in 1458ms[2m (next.js: 91ms, application-code: 1367ms)[22m
 GET /login [32m200[39m in 1402ms[2m (next.js: 33ms, application-code: 1370ms)[22m
 GET /login [32m200[39m in 1402ms[2m (next.js: 54ms, application-code: 1348ms)[22m
 GET /login [32m200[39m in 1591ms[2m (next.js: 91ms, application-code: 1500ms)[22m
 GET /login [32m200[39m in 1593ms[2m (next.js: 71ms, application-code: 1523ms)[22m
 GET /login [32m200[39m in 1593ms[2m (next.js: 112ms, application-code: 1482ms)[22m
 GET /login [32m200[39m in 1594ms[2m (next.js: 132ms, application-code: 1462ms)[22m
 GET /login [32m200[39m in 1605ms[2m (next.js: 107ms, application-code: 1499ms)[22m
 GET /login [32m200[39m in 1605ms[2m (next.js: 127ms, application-code: 1479ms)[22m
 GET /login [32m200[39m in 1606ms[2m (next.js: 146ms, application-code: 1460ms)[22m
 GET /login [32m200[39m in 1650ms[2m (next.js: 95ms, application-code: 1555ms)[22m
 GET /login [32m200[39m in 1652ms[2m (next.js: 74ms, application-code: 1577ms)[22m
 GET /login [32m200[39m in 1651ms[2m (next.js: 127ms, application-code: 1524ms)[22m
 GET /login [32m200[39m in 1615ms[2m (next.js: 88ms, application-code: 1527ms)[22m
 GET /login [32m200[39m in 1615ms[2m (next.js: 110ms, application-code: 1506ms)[22m
 GET /login [32m200[39m in 1616ms[2m (next.js: 131ms, application-code: 1484ms)[22m
 GET /login [32m200[39m in 1773ms[2m (next.js: 93ms, application-code: 1680ms)[22m
 GET /login [32m200[39m in 1773ms[2m (next.js: 113ms, application-code: 1661ms)[22m
 GET /login [32m200[39m in 1774ms[2m (next.js: 134ms, application-code: 1640ms)[22m
 GET /login [32m200[39m in 1759ms[2m (next.js: 88ms, application-code: 1670ms)[22m
 GET /login [32m200[39m in 1757ms[2m (next.js: 239ms, application-code: 1519ms)[22m
 GET /login [32m200[39m in 1760ms[2m (next.js: 123ms, application-code: 1637ms)[22m
 GET /login [32m200[39m in 1758ms[2m (next.js: 279ms, application-code: 1480ms)[22m
 GET /login [32m200[39m in 1760ms[2m (next.js: 210ms, application-code: 1550ms)[22m
 GET /login [32m200[39m in 1762ms[2m (next.js: 176ms, application-code: 1586ms)[22m
 GET /login [32m200[39m in 1927ms[2m (next.js: 260ms, application-code: 1667ms)[22m
 GET /login [32m200[39m in 1930ms[2m (next.js: 238ms, application-code: 1692ms)[22m
 GET /login [32m200[39m in 1929ms[2m (next.js: 281ms, application-code: 1648ms)[22m
 GET /login [32m200[39m in 1757ms[2m (next.js: 162ms, application-code: 1595ms)[22m
 GET /login [32m200[39m in 1760ms[2m (next.js: 126ms, application-code: 1634ms)[22m
 GET /login [32m200[39m in 1926ms[2m (next.js: 102ms, application-code: 1824ms)[22m
 GET /login [32m200[39m in 1926ms[2m (next.js: 149ms, application-code: 1777ms)[22m
 GET /login [32m200[39m in 1925ms[2m (next.js: 208ms, application-code: 1717ms)[22m
 GET /login [32m200[39m in 1925ms[2m (next.js: 251ms, application-code: 1673ms)[22m
 GET /login [32m200[39m in 1874ms[2m (next.js: 205ms, application-code: 1669ms)[22m
 GET /login [32m200[39m in 1871ms[2m (next.js: 259ms, application-code: 1612ms)[22m
 GET /login [32m200[39m in 1874ms[2m (next.js: 227ms, application-code: 1647ms)[22m
 GET /login [32m200[39m in 1871ms[2m (next.js: 285ms, application-code: 1586ms)[22m
 GET /login [32m200[39m in 1869ms[2m (next.js: 327ms, application-code: 1542ms)[22m
 GET /login [32m200[39m in 1871ms[2m (next.js: 308ms, application-code: 1564ms)[22m
 GET /login [32m200[39m in 1993ms[2m (next.js: 183ms, application-code: 1810ms)[22m
 GET /login [32m200[39m in 1889ms[2m (next.js: 37ms, application-code: 1852ms)[22m
 GET /login [32m200[39m in 2.1s[2m (next.js: 35ms, application-code: 2.1s)[22m
 GET /login [32m200[39m in 2.1s[2m (next.js: 111ms, application-code: 1980ms)[22m
 GET /login [32m200[39m in 2.1s[2m (next.js: 132ms, application-code: 1960ms)[22m
 GET /login [32m200[39m in 2.1s[2m (next.js: 153ms, application-code: 1938ms)[22m
 GET /login [32m200[39m in 2.1s[2m (next.js: 56ms, application-code: 2.0s)[22m
 GET /login [32m200[39m in 2.1s[2m (next.js: 90ms, application-code: 2.0s)[22m
 GET /login [32m200[39m in 2.1s[2m (next.js: 177ms, application-code: 1915ms)[22m
 GET /login [32m200[39m in 2.1s[2m (next.js: 229ms, application-code: 1894ms)[22m
 GET /login [32m200[39m in 2.1s[2m (next.js: 264ms, application-code: 1860ms)[22m
 GET /login [32m200[39m in 2.2s[2m (next.js: 102ms, application-code: 2.1s)[22m
 GET /login [32m200[39m in 2.2s[2m (next.js: 79ms, application-code: 2.1s)[22m
 GET /login [32m200[39m in 2.1s[2m (next.js: 154ms, application-code: 1991ms)[22m
 GET /login [32m200[39m in 2.1s[2m (next.js: 38ms, application-code: 2.1s)[22m
 GET /login [32m200[39m in 2.1s[2m (next.js: 59ms, application-code: 2.1s)[22m
 GET /login [32m200[39m in 2.1s[2m (next.js: 80ms, application-code: 2.0s)[22m
 GET /login [32m200[39m in 2.1s[2m (next.js: 178ms, application-code: 1951ms)[22m
 GET /login [32m200[39m in 2.1s[2m (next.js: 206ms, application-code: 1924ms)[22m
 GET /login [32m200[39m in 2.1s[2m (next.js: 141ms, application-code: 1990ms)[22m
 GET /login [32m200[39m in 2.1s[2m (next.js: 229ms, application-code: 1902ms)[22m
 GET /login [32m200[39m in 2.2s[2m (next.js: 255ms, application-code: 1900ms)[22m
 GET /login [32m200[39m in 2.2s[2m (next.js: 138ms, application-code: 2.1s)[22m
 GET /login [32m200[39m in 2.2s[2m (next.js: 83ms, application-code: 2.1s)[22m
 GET /login [32m200[39m in 2.2s[2m (next.js: 194ms, application-code: 2.0s)[22m
 GET /login [32m200[39m in 2.2s[2m (next.js: 250ms, application-code: 1970ms)[22m
 GET /login [32m200[39m in 2.2s[2m (next.js: 285ms, application-code: 1935ms)[22m
 GET /login [32m200[39m in 2.2s[2m (next.js: 259ms, application-code: 1927ms)[22m
 GET /login [32m200[39m in 1973ms[2m (next.js: 219ms, application-code: 1754ms)[22m
 GET /login [32m200[39m in 1977ms[2m (next.js: 73ms, application-code: 1904ms)[22m
 GET /login [32m200[39m in 1974ms[2m (next.js: 260ms, application-code: 1713ms)[22m
 GET /login [32m200[39m in 1977ms[2m (next.js: 166ms, application-code: 1811ms)[22m
 GET /login [32m200[39m in 1978ms[2m (next.js: 143ms, application-code: 1836ms)[22m
 GET /login [32m200[39m in 1975ms[2m (next.js: 312ms, application-code: 1663ms)[22m
 GET /login [32m200[39m in 1979ms[2m (next.js: 186ms, application-code: 1793ms)[22m
 GET /login [32m200[39m in 1981ms[2m (next.js: 113ms, application-code: 1868ms)[22m
 GET /login [32m200[39m in 1978ms[2m (next.js: 280ms, application-code: 1697ms)[22m
 GET /login [32m200[39m in 1980ms[2m (next.js: 240ms, application-code: 1740ms)[22m
 GET /login [32m200[39m in 2000ms[2m (next.js: 289ms, application-code: 1710ms)[22m
 GET /login [32m200[39m in 2.1s[2m (next.js: 42ms, application-code: 2.1s)[22m
 GET /login [32m200[39m in 2.1s[2m (next.js: 64ms, application-code: 2.1s)[22m
 GET /login [32m200[39m in 2.1s[2m (next.js: 186ms, application-code: 1929ms)[22m
 GET /login [32m200[39m in 2.1s[2m (next.js: 210ms, application-code: 1906ms)[22m
 GET /login [32m200[39m in 2.1s[2m (next.js: 158ms, application-code: 1961ms)[22m
 GET /login [32m200[39m in 2.1s[2m (next.js: 242ms, application-code: 1877ms)[22m
 GET /login [32m200[39m in 2.1s[2m (next.js: 289ms, application-code: 1829ms)[22m
 GET /login [32m200[39m in 2.1s[2m (next.js: 267ms, application-code: 1855ms)[22m
 GET /login [32m200[39m in 2.1s[2m (next.js: 117ms, application-code: 2.0s)[22m
 GET /login [32m200[39m in 2.1s[2m (next.js: 311ms, application-code: 1813ms)[22m
 GET /login [32m200[39m in 2.2s[2m (next.js: 333ms, application-code: 1823ms)[22m
 GET /login [32m200[39m in 1875ms[2m (next.js: 117ms, application-code: 1758ms)[22m
 GET /login [32m200[39m in 1878ms[2m (next.js: 82ms, application-code: 1795ms)[22m
 GET /login [32m200[39m in 1874ms[2m (next.js: 181ms, application-code: 1693ms)[22m
 GET /login [32m200[39m in 1876ms[2m (next.js: 144ms, application-code: 1732ms)[22m
 GET /login [32m200[39m in 1872ms[2m (next.js: 269ms, application-code: 1604ms)[22m
 GET /login [32m200[39m in 1875ms[2m (next.js: 235ms, application-code: 1640ms)[22m
 GET /login [32m200[39m in 1860ms[2m (next.js: 244ms, application-code: 1617ms)[22m
 GET /login [32m200[39m in 2.3s[2m (next.js: 125ms, application-code: 2.1s)[22m
 GET /login [32m200[39m in 2.3s[2m (next.js: 106ms, application-code: 2.2s)[22m
 GET /login [32m200[39m in 2.3s[2m (next.js: 85ms, application-code: 2.2s)[22m
 GET /login [32m200[39m in 2.3s[2m (next.js: 64ms, application-code: 2.2s)[22m
 GET /login [32m200[39m in 2.3s[2m (next.js: 182ms, application-code: 2.1s)[22m
 GET /login [32m200[39m in 2.3s[2m (next.js: 249ms, application-code: 2.0s)[22m
 GET /login [32m200[39m in 2.3s[2m (next.js: 224ms, application-code: 2.0s)[22m
 GET /login [32m200[39m in 2.3s[2m (next.js: 281ms, application-code: 1980ms)[22m
 GET /login [32m200[39m in 2.3s[2m (next.js: 149ms, application-code: 2.1s)[22m
 GET /login [32m200[39m in 2.3s[2m (next.js: 203ms, application-code: 2.1s)[22m
 GET /login [32m200[39m in 2.3s[2m (next.js: 302ms, application-code: 1960ms)[22m
 GET /login [32m200[39m in 2.2s[2m (next.js: 287ms, application-code: 1957ms)[22m
 GET /login [32m200[39m in 1988ms[2m (next.js: 132ms, application-code: 1856ms)[22m
 GET /login [32m200[39m in 1990ms[2m (next.js: 40ms, application-code: 1951ms)[22m
 GET /login [32m200[39m in 1990ms[2m (next.js: 86ms, application-code: 1904ms)[22m
 GET /login [32m200[39m in 2.0s[2m (next.js: 146ms, application-code: 1868ms)[22m
 GET /login [32m200[39m in 2.6s[2m (next.js: 67ms, application-code: 2.5s)[22m
 GET /login [32m200[39m in 2.6s[2m (next.js: 117ms, application-code: 2.5s)[22m
 GET /login [32m200[39m in 2.6s[2m (next.js: 254ms, application-code: 2.3s)[22m
 GET /login [32m200[39m in 2.6s[2m (next.js: 174ms, application-code: 2.4s)[22m
 GET /login [32m200[39m in 2.6s[2m (next.js: 276ms, application-code: 2.3s)[22m
 GET /login [32m200[39m in 2.6s[2m (next.js: 195ms, application-code: 2.4s)[22m
 GET /login [32m200[39m in 2.6s[2m (next.js: 299ms, application-code: 2.3s)[22m
 GET /login [32m200[39m in 2.6s[2m (next.js: 229ms, application-code: 2.4s)[22m
 GET /login [32m200[39m in 2.6s[2m (next.js: 149ms, application-code: 2.4s)[22m
 GET /login [32m200[39m in 2.6s[2m (next.js: 333ms, application-code: 2.3s)[22m
 GET /login [32m200[39m in 2.6s[2m (next.js: 312ms, application-code: 2.3s)[22m
 GET /login [32m200[39m in 2.3s[2m (next.js: 41ms, application-code: 2.3s)[22m
 GET /login [32m200[39m in 2.4s[2m (next.js: 55ms, application-code: 2.3s)[22m
 GET /login [32m200[39m in 2.4s[2m (next.js: 80ms, application-code: 2.3s)[22m
 GET /login [32m200[39m in 2.4s[2m (next.js: 102ms, application-code: 2.3s)[22m
 GET /login [32m200[39m in 2.9s[2m (next.js: 146ms, application-code: 2.8s)[22m
 GET /login [32m200[39m in 2.9s[2m (next.js: 259ms, application-code: 2.7s)[22m
 GET /login [32m200[39m in 2.9s[2m (next.js: 203ms, application-code: 2.7s)[22m
 GET /login [32m200[39m in 2.9s[2m (next.js: 377ms, application-code: 2.6s)[22m
 GET /login [32m200[39m in 2.9s[2m (next.js: 92ms, application-code: 2.9s)[22m
 GET /login [32m200[39m in 2.9s[2m (next.js: 407ms, application-code: 2.5s)[22m
 GET /login [32m200[39m in 2.9s[2m (next.js: 233ms, application-code: 2.7s)[22m
 GET /login [32m200[39m in 2.9s[2m (next.js: 334ms, application-code: 2.6s)[22m
 GET /login [32m200[39m in 2.9s[2m (next.js: 430ms, application-code: 2.5s)[22m
 GET /login [32m200[39m in 2.9s[2m (next.js: 280ms, application-code: 2.7s)[22m
 GET /login [32m200[39m in 2.9s[2m (next.js: 416ms, application-code: 2.5s)[22m
 GET /login [32m200[39m in 2.5s[2m (next.js: 73ms, application-code: 2.5s)[22m
 GET /login [32m200[39m in 2.5s[2m (next.js: 57ms, application-code: 2.5s)[22m
 GET /login [32m200[39m in 3.0s[2m (next.js: 66ms, application-code: 3.0s)[22m
 GET /login [32m200[39m in 3.0s[2m (next.js: 148ms, application-code: 2.9s)[22m
 GET /login [32m200[39m in 3.0s[2m (next.js: 260ms, application-code: 2.8s)[22m
 GET /login [32m200[39m in 3.0s[2m (next.js: 174ms, application-code: 2.9s)[22m
 GET /login [32m200[39m in 3.0s[2m (next.js: 408ms, application-code: 2.6s)[22m
 GET /login [32m200[39m in 3.0s[2m (next.js: 331ms, application-code: 2.7s)[22m
 GET /login [32m200[39m in 3.1s[2m (next.js: 196ms, application-code: 2.9s)[22m
 GET /login [32m200[39m in 3.1s[2m (next.js: 299ms, application-code: 2.8s)[22m
 GET /login [32m200[39m in 3.1s[2m (next.js: 431ms, application-code: 2.6s)[22m
 GET /login [32m200[39m in 3.1s[2m (next.js: 453ms, application-code: 2.6s)[22m
 GET /login [32m200[39m in 3.1s[2m (next.js: 386ms, application-code: 2.7s)[22m
 GET /login [32m200[39m in 3.1s[2m (next.js: 473ms, application-code: 2.6s)[22m
 GET /login [32m200[39m in 3.1s[2m (next.js: 597ms, application-code: 2.5s)[22m
 GET /login [32m200[39m in 3.1s[2m (next.js: 622ms, application-code: 2.4s)[22m
 GET /login [32m200[39m in 3.1s[2m (next.js: 535ms, application-code: 2.5s)[22m
 GET /login [32m200[39m in 3.1s[2m (next.js: 116ms, application-code: 3.0s)[22m
 GET /login [32m200[39m in 3.1s[2m (next.js: 353ms, application-code: 2.7s)[22m
 GET /login [32m200[39m in 3.1s[2m (next.js: 643ms, application-code: 2.4s)[22m
 GET /login [32m200[39m in 3.1s[2m (next.js: 642ms, application-code: 2.4s)[22m
 GET /login [32m200[39m in 2.5s[2m (next.js: 41ms, application-code: 2.4s)[22m
 GET /login [32m200[39m in 2.5s[2m (next.js: 42ms, application-code: 2.5s)[22m
 GET /login [32m200[39m in 2.9s[2m (next.js: 177ms, application-code: 2.8s)[22m
 GET /login [32m200[39m in 3.0s[2m (next.js: 119ms, application-code: 2.8s)[22m
 GET /login [32m200[39m in 3.0s[2m (next.js: 72ms, application-code: 2.9s)[22m
 GET /login [32m200[39m in 3.0s[2m (next.js: 151ms, application-code: 2.8s)[22m
 GET /login [32m200[39m in 3.0s[2m (next.js: 232ms, application-code: 2.7s)[22m
 GET /login [32m200[39m in 3.0s[2m (next.js: 253ms, application-code: 2.7s)[22m
 GET /login [32m200[39m in 3.0s[2m (next.js: 274ms, application-code: 2.7s)[22m
 GET /login [32m200[39m in 3.0s[2m (next.js: 394ms, application-code: 2.6s)[22m
 GET /login [32m200[39m in 3.0s[2m (next.js: 294ms, application-code: 2.7s)[22m
 GET /login [32m200[39m in 3.0s[2m (next.js: 199ms, application-code: 2.8s)[22m
 GET /login [32m200[39m in 3.0s[2m (next.js: 336ms, application-code: 2.6s)[22m
 GET /login [32m200[39m in 3.0s[2m (next.js: 425ms, application-code: 2.5s)[22m
 GET /login [32m200[39m in 3.0s[2m (next.js: 569ms, application-code: 2.4s)[22m
 GET /login [32m200[39m in 3.0s[2m (next.js: 529ms, application-code: 2.4s)[22m
 GET /login [32m200[39m in 3.0s[2m (next.js: 470ms, application-code: 2.5s)[22m
 GET /login [32m200[39m in 3.0s[2m (next.js: 449ms, application-code: 2.5s)[22m
 GET /login [32m200[39m in 3.0s[2m (next.js: 665ms, application-code: 2.3s)[22m
 GET /login [32m200[39m in 3.0s[2m (next.js: 598ms, application-code: 2.4s)[22m
 GET /login [32m200[39m in 3.0s[2m (next.js: 620ms, application-code: 2.3s)[22m
 GET /login [32m200[39m in 3.0s[2m (next.js: 714ms, application-code: 2.2s)[22m
 GET /login [32m200[39m in 2.3s[2m (next.js: 76ms, application-code: 2.2s)[22m
 GET /login [32m200[39m in 2.3s[2m (next.js: 76ms, application-code: 2.2s)[22m
 GET /login [32m200[39m in 3.0s[2m (next.js: 57ms, application-code: 3.0s)[22m
 GET /login [32m200[39m in 3.0s[2m (next.js: 109ms, application-code: 2.9s)[22m
 GET /login [32m200[39m in 3.0s[2m (next.js: 272ms, application-code: 2.8s)[22m
 GET /login [32m200[39m in 3.0s[2m (next.js: 82ms, application-code: 3.0s)[22m
 GET /login [32m200[39m in 3.0s[2m (next.js: 356ms, application-code: 2.7s)[22m
 GET /login [32m200[39m in 3.0s[2m (next.js: 156ms, application-code: 2.9s)[22m
 GET /login [32m200[39m in 3.0s[2m (next.js: 211ms, application-code: 2.8s)[22m
 GET /login [32m200[39m in 3.0s[2m (next.js: 395ms, application-code: 2.6s)[22m
 GET /login [32m200[39m in 3.0s[2m (next.js: 249ms, application-code: 2.8s)[22m
 GET /login [32m200[39m in 3.0s[2m (next.js: 293ms, application-code: 2.7s)[22m
 GET /login [32m200[39m in 3.0s[2m (next.js: 423ms, application-code: 2.6s)[22m
 GET /login [32m200[39m in 3.0s[2m (next.js: 569ms, application-code: 2.5s)[22m
 GET /login [32m200[39m in 3.0s[2m (next.js: 596ms, application-code: 2.4s)[22m
 GET /login [32m200[39m in 3.0s[2m (next.js: 487ms, application-code: 2.6s)[22m
 GET /login [32m200[39m in 3.0s[2m (next.js: 537ms, application-code: 2.5s)[22m
 GET /login [32m200[39m in 3.0s[2m (next.js: 447ms, application-code: 2.6s)[22m
 GET /login [32m200[39m in 3.0s[2m (next.js: 616ms, application-code: 2.4s)[22m
 GET /login [32m200[39m in 3.0s[2m (next.js: 625ms, application-code: 2.4s)[22m
 GET /login [32m200[39m in 2.5s[2m (next.js: 40ms, application-code: 2.4s)[22m
 GET /login [32m200[39m in 2.5s[2m (next.js: 82ms, application-code: 2.4s)[22m
 GET /login [32m200[39m in 2.5s[2m (next.js: 82ms, application-code: 2.5s)[22m
 GET /login [32m200[39m in 2.5s[2m (next.js: 109ms, application-code: 2.4s)[22m
 GET /login [32m200[39m in 2.5s[2m (next.js: 187ms, application-code: 2.3s)[22m
 GET /login [32m200[39m in 2.5s[2m (next.js: 300ms, application-code: 2.2s)[22m
 GET /login [32m200[39m in 2.5s[2m (next.js: 135ms, application-code: 2.4s)[22m
 GET /login [32m200[39m in 2.5s[2m (next.js: 207ms, application-code: 2.3s)[22m
 GET /login [32m200[39m in 2.5s[2m (next.js: 226ms, application-code: 2.3s)[22m
 GET /login [32m200[39m in 2.5s[2m (next.js: 157ms, application-code: 2.4s)[22m
 GET /login [32m200[39m in 2.5s[2m (next.js: 245ms, application-code: 2.3s)[22m
 GET /login [32m200[39m in 2.5s[2m (next.js: 427ms, application-code: 2.1s)[22m
 GET /login [32m200[39m in 2.5s[2m (next.js: 369ms, application-code: 2.2s)[22m
 GET /login [32m200[39m in 2.5s[2m (next.js: 392ms, application-code: 2.1s)[22m
 GET /login [32m200[39m in 2.5s[2m (next.js: 480ms, application-code: 2.0s)[22m
 GET /login [32m200[39m in 2.5s[2m (next.js: 547ms, application-code: 1970ms)[22m
 GET /login [32m200[39m in 2.5s[2m (next.js: 342ms, application-code: 2.2s)[22m
 GET /login [32m200[39m in 2.5s[2m (next.js: 522ms, application-code: 1999ms)[22m
 GET /login [32m200[39m in 2.5s[2m (next.js: 570ms, application-code: 1920ms)[22m
 GET /login [32m200[39m in 1970ms[2m (next.js: 67ms, application-code: 1902ms)[22m
 GET /login [32m200[39m in 1980ms[2m (next.js: 54ms, application-code: 1926ms)[22m
 GET /login [32m200[39m in 2.0s[2m (next.js: 197ms, application-code: 1830ms)[22m
 GET /login [32m200[39m in 2.0s[2m (next.js: 152ms, application-code: 1879ms)[22m
 GET /login [32m200[39m in 2.0s[2m (next.js: 121ms, application-code: 1912ms)[22m
 GET /login [32m200[39m in 2.0s[2m (next.js: 73ms, application-code: 1962ms)[22m
 GET /login [32m200[39m in 2.0s[2m (next.js: 176ms, application-code: 1857ms)[22m
 GET /login [32m200[39m in 2.0s[2m (next.js: 230ms, application-code: 1803ms)[22m
 GET /login [32m200[39m in 2.0s[2m (next.js: 251ms, application-code: 1782ms)[22m
 GET /login [32m200[39m in 2.0s[2m (next.js: 273ms, application-code: 1760ms)[22m
 GET /login [32m200[39m in 2.0s[2m (next.js: 412ms, application-code: 1619ms)[22m
 GET /login [32m200[39m in 2.0s[2m (next.js: 297ms, application-code: 1738ms)[22m
 GET /login [32m200[39m in 2.0s[2m (next.js: 386ms, application-code: 1648ms)[22m
 GET /login [32m200[39m in 2.0s[2m (next.js: 436ms, application-code: 1598ms)[22m
 GET /login [32m200[39m in 2.0s[2m (next.js: 455ms, application-code: 1578ms)[22m
 GET /login [32m200[39m in 2.0s[2m (next.js: 344ms, application-code: 1694ms)[22m
 GET /login [32m200[39m in 2.0s[2m (next.js: 503ms, application-code: 1519ms)[22m
 GET /login [32m200[39m in 1588ms[2m (next.js: 57ms, application-code: 1531ms)[22m
 GET /login [32m200[39m in 1577ms[2m (next.js: 80ms, application-code: 1497ms)[22m
 GET /login [32m200[39m in 1895ms[2m (next.js: 104ms, application-code: 1791ms)[22m
 GET /login [32m200[39m in 1890ms[2m (next.js: 196ms, application-code: 1694ms)[22m
 GET /login [32m200[39m in 1895ms[2m (next.js: 125ms, application-code: 1769ms)[22m
 GET /login [32m200[39m in 1895ms[2m (next.js: 145ms, application-code: 1750ms)[22m
 GET /login [32m200[39m in 1894ms[2m (next.js: 176ms, application-code: 1718ms)[22m
 GET /login [32m200[39m in 1891ms[2m (next.js: 235ms, application-code: 1656ms)[22m
 GET /login [32m200[39m in 1889ms[2m (next.js: 316ms, application-code: 1572ms)[22m
 GET /login [32m200[39m in 1891ms[2m (next.js: 254ms, application-code: 1637ms)[22m
 GET /login [32m200[39m in 1886ms[2m (next.js: 403ms, application-code: 1483ms)[22m
 GET /login [32m200[39m in 1895ms[2m (next.js: 215ms, application-code: 1680ms)[22m
 GET /login [32m200[39m in 1888ms[2m (next.js: 382ms, application-code: 1506ms)[22m
 GET /login [32m200[39m in 1890ms[2m (next.js: 352ms, application-code: 1538ms)[22m
 GET /login [32m200[39m in 1886ms[2m (next.js: 496ms, application-code: 1390ms)[22m
 GET /login [32m200[39m in 1881ms[2m (next.js: 583ms, application-code: 1298ms)[22m
 GET /login [32m200[39m in 1888ms[2m (next.js: 446ms, application-code: 1442ms)[22m
 GET /login [32m200[39m in 1886ms[2m (next.js: 528ms, application-code: 1358ms)[22m
 GET /login [32m200[39m in 1885ms[2m (next.js: 553ms, application-code: 1332ms)[22m
 GET /login [32m200[39m in 1882ms[2m (next.js: 653ms, application-code: 1229ms)[22m
 GET /login [32m200[39m in 1881ms[2m (next.js: 691ms, application-code: 1190ms)[22m
 GET /login [32m200[39m in 1880ms[2m (next.js: 718ms, application-code: 1162ms)[22m
 GET /login [32m200[39m in 1878ms[2m (next.js: 779ms, application-code: 1099ms)[22m
 GET /login [32m200[39m in 1880ms[2m (next.js: 740ms, application-code: 1140ms)[22m
 GET /login [32m200[39m in 1835ms[2m (next.js: 789ms, application-code: 1046ms)[22m
 GET /login [32m200[39m in 1105ms[2m (next.js: 45ms, application-code: 1060ms)[22m
 GET /login [32m200[39m in 1091ms[2m (next.js: 51ms, application-code: 1040ms)[22m
 GET /login [32m200[39m in 1087ms[2m (next.js: 37ms, application-code: 1050ms)[22m
 GET /login [32m200[39m in 1085ms[2m (next.js: 130ms, application-code: 955ms)[22m
 GET /login [32m200[39m in 1088ms[2m (next.js: 58ms, application-code: 1030ms)[22m
 GET /login [32m200[39m in 1088ms[2m (next.js: 78ms, application-code: 1010ms)[22m
 GET /login [32m200[39m in 1088ms[2m (next.js: 97ms, application-code: 991ms)[22m
 GET /login [32m200[39m in 1087ms[2m (next.js: 136ms, application-code: 951ms)[22m
 GET /login [32m200[39m in 589ms[2m (next.js: 378ms, application-code: 211ms)[22m
 GET /login [32m200[39m in 631ms[2m (next.js: 45ms, application-code: 586ms)[22m
 GET /login [32m200[39m in 828ms[2m (next.js: 92ms, application-code: 735ms)[22m
 GET /login [32m200[39m in 693ms[2m (next.js: 64ms, application-code: 628ms)[22m
 GET /login [32m200[39m in 741ms[2m (next.js: 51ms, application-code: 690ms)[22m
 GET /login [32m200[39m in 216ms[2m (next.js: 29ms, application-code: 187ms)[22m
 GET /login [32m200[39m in 987ms[2m (next.js: 29ms, application-code: 958ms)[22m
 GET /login [32m200[39m in 961ms[2m (next.js: 49ms, application-code: 912ms)[22m
 GET /login [32m200[39m in 917ms[2m (next.js: 93ms, application-code: 824ms)[22m
 GET /login [32m200[39m in 190ms[2m (next.js: 57ms, application-code: 133ms)[22m
 GET /login [32m200[39m in 110ms[2m (next.js: 46ms, application-code: 63ms)[22m
 GET /login [32m200[39m in 137ms[2m (next.js: 29ms, application-code: 108ms)[22m
 GET /login [32m200[39m in 66ms[2m (next.js: 34ms, application-code: 32ms)[22m
[?25h
